data_version,relationship_id,subject_id,subject,predicate,object_id,object,status,scope,caveat,effective_date,first_seen_source_capture,source_number,evidence_id,source_title,source_url,source_review,published_date,captured_date,relationship_notes,subject_identity_status,object_identity_status,berry_id,country_filters,focus_id,date_clock,window_start,window_end,generated_at
ef36ff4511c8cb1b,rel-agrovision-operates-in-peru,company-agrovision,Agrovision Corp. (Fruitist),operates_in,geography-peru,Peru,active,Company location; not variety presence,,,2026-08-04,17,ev-ibo-agrovision-2019,"Agro Vision blueberries - transforming lands, transforming lives",https://www.internationalblueberry.org/2019/09/04/agro-vision-blueberries-transforming-lands-transforming-lives/,Reviewed source · claims retain their own review,2019-09-04,2026-08-04,confidence=medium; Operations at Olmos and Morrope in Lambayeque.,active,active,berry-blueberry,"geography-chile,geography-china,geography-peru",,documented,,,2026-10-07T07:19:58.465713+00:00
ef36ff4511c8cb1b,rel-agrovision-partners-with-fall-creek,company-agrovision,Agrovision Corp. (Fruitist),partners_with,company-fall-creek-farm-and-nursery,"Fall Creek Farm & Nursery, Inc.",active,Genetic / company relationship; location not established,Limited support · verify the stated role,,2026-08-04,2,ev-blueberriesconsulting-agrovision-2024,"Agrovision Corp seeks year-round blueberry supply from Peru, Mexico and Morocco",https://blueberriesconsulting.com/en/con-operaciones-en-peru-mexico-y-marruecos-agrovision-corp-busca-lograr-un-suministro-de-arandanos-durante-todo-el-ano/,Reviewed source · claims retain their own review,2024-05-15,2026-08-04,"confidence=low; Inferred only from Agrovision's reported use of Sekoya-programme genetics, which Fall Creek operates. No direct statement of a relationship between the two companies was retrieved.",active,active,berry-blueberry,"geography-chile,geography-china,geography-peru",,documented,,,2026-10-07T07:19:58.465783+00:00
ef36ff4511c8cb1b,rel-bci-owns-costa,company-bci,British Columbia Investment Management Corporation,owns,company-costa-group-holdings,Costa Group Holdings Pty Ltd,active,Genetic / company relationship; location not established,,2024-02-26,2026-08-04,8,ev-costa-ownership-2024,Costa Group enters new ownership phase as experienced consortium takes control,https://costagroup.com.au/2024/02/26/costa-group-enters-new-ownership-phase-as-experienced-consortium-takes-control/,Reviewed source · claims retain their own review,2024-02-26,2026-08-04,confidence=medium; Consortium member in the February 2024 take-private. Individual shareholding percentages were not disclosed in the retrieved source.,active,active,berry-blueberry,"geography-chile,geography-china,geography-peru",,documented,,,2026-10-07T07:19:58.465832+00:00
ef36ff4511c8cb1b,rel-berry-blue-develops-keepsake,company-berry-blue-llc,"Berry Blue, LLC",develops,variety-keepsake,Keepsake,active,Genetic / company relationship; location not established,,,2026-08-04,20,ev-mbg-berry-blue-varieties,"Proprietary berry varieties - Berry Blue, LLC",https://www.blueberries.com/proprietary-berry-varieties-berry-blue-llc/,Reviewed source · claims retain their own review,,2026-08-04,confidence=high; Listed on MBG's Berry Blue proprietary variety page with selection code 'BB05-251MI-14'.,active,active,berry-blueberry,"geography-chile,geography-china,geography-peru",,documented,,,2026-10-07T07:19:58.465873+00:00
ef36ff4511c8cb1b,rel-berry-blue-develops-medallion,company-berry-blue-llc,"Berry Blue, LLC",develops,variety-medallion,Medallion,active,Genetic / company relationship; location not established,,,2026-08-04,20,ev-mbg-berry-blue-varieties,"Proprietary berry varieties - Berry Blue, LLC",https://www.blueberries.com/proprietary-berry-varieties-berry-blue-llc/,Reviewed source · claims retain their own review,,2026-08-04,confidence=high; Listed on MBG's Berry Blue proprietary variety page with selection code 'BB05-259MI-15'.,active,active,berry-blueberry,"geography-chile,geography-china,geography-peru",,documented,,,2026-10-07T07:19:58.465908+00:00
ef36ff4511c8cb1b,rel-berryworld-partners-with-mbo,company-berryworld,BerryWorld Group,partners_with,company-mountain-blue-orchards,Mountain Blue Orchards Pty Ltd,active,Genetic / company relationship; location not established,,,2026-08-03,1,ev-berryworld-varieties,Berries - varieties,https://www.berryworld.com/en-gb/berries/varieties,Reviewed source · claims retain their own review,,2026-08-03,confidence=medium; BerryWorld markets Mountain Blue genetics under its own retail brands.,active,active,berry-blueberry,"geography-chile,geography-china,geography-peru",,documented,,,2026-10-07T07:19:58.465941+00:00
ef36ff4511c8cb1b,rel-berryworld-sells-eureka,company-berryworld,BerryWorld Group,markets,variety-eureka,Eureka,active,Genetic / company relationship; location not established,,,2026-08-03,1,ev-berryworld-varieties,Berries - varieties,https://www.berryworld.com/en-gb/berries/varieties,Reviewed source · claims retain their own review,,2026-08-03,"Marketed under a BerryWorld retail brand. Corrected from a substituted 'sells' predicate (2026-08-21, Variety Intelligence Backbone V1 mission) now that 'markets' is a real schema-enforced predicate -- id/filename kept as rel-berryworld-sells-eureka to avoid an id-rename cascade across referencing entities; the predicate field itself is the source of truth.",active,active,berry-blueberry,"geography-chile,geography-china,geography-peru",,documented,,,2026-10-07T07:19:58.465973+00:00
ef36ff4511c8cb1b,rel-berryworld-sells-eureka-sunrise,company-berryworld,BerryWorld Group,sells,variety-eureka-sunrise,Eureka Sunrise,active,Genetic / company relationship; location not established,Legacy role mapping · verify the source,2023-01-20,2026-08-03,12,ev-fruitnet-eureka-sunrise-2023,Taste of success for Eureka Sunrise,https://www.fruitnet.com/fresh-produce-journal/taste-of-success-for-eureka-sunrise/248114.article,Reviewed source · claims retain their own review,2023-01-20,2026-08-03,"confidence=high; Grown exclusively by BerryWorld growers and marketed under a BerryWorld retail brand. Substituted predicate: the schema has no 'markets' predicate, so 'sells' is used for a marketing and route-to-market relationship.",active,active,berry-blueberry,"geography-chile,geography-china,geography-peru",,documented,,,2026-10-07T07:19:58.466012+00:00
ef36ff4511c8cb1b,rel-berryworld-sells-opi,company-berryworld,BerryWorld Group,sells,variety-opi,Opi,active,Genetic / company relationship; location not established,Legacy role mapping · verify the source,,2026-08-03,1,ev-berryworld-varieties,Berries - varieties,https://www.berryworld.com/en-gb/berries/varieties,Reviewed source · claims retain their own review,,2026-08-03,"confidence=medium; Marketed under a BerryWorld retail brand. Substituted predicate: 'sells' stands in for 'markets', which the schema does not provide.",active,active,berry-blueberry,"geography-chile,geography-china,geography-peru",,documented,,,2026-10-07T07:19:58.466051+00:00
ef36ff4511c8cb1b,rel-berryworld-sells-twilight,company-berryworld,BerryWorld Group,sells,variety-twilight,Twilight,active,Genetic / company relationship; location not established,Legacy role mapping · verify the source,,2026-08-03,1,ev-berryworld-varieties,Berries - varieties,https://www.berryworld.com/en-gb/berries/varieties,Reviewed source · claims retain their own review,,2026-08-03,"confidence=medium; Marketed under a BerryWorld retail brand. Substituted predicate: 'sells' stands in for 'markets', which the schema does not provide.",active,unverified,berry-blueberry,"geography-chile,geography-china,geography-peru",,documented,,,2026-10-07T07:19:58.466083+00:00
ef36ff4511c8cb1b,rel-costa-develops-arana,company-costa-group-holdings,Costa Group Holdings Pty Ltd,develops,variety-arana,Arana,active,Genetic / company relationship; location not established,Limited support · verify the stated role,,2026-08-04,6,ev-costa-african-blue-2023,African Blue broadens supply,https://costagroup.com.au/2023/04/03/african-blue-broadens-supply/,Reviewed source · claims retain their own review,2023-04-03,2026-08-04,confidence=low; Arana is named among varieties adopted in Costa's African Blue Zimbabwe project. Breeding origin is not stated in the source and no registry record for Arana was retrieved.,active,unverified,berry-blueberry,"geography-chile,geography-china,geography-peru",,documented,,,2026-10-07T07:19:58.466116+00:00
ef36ff4511c8cb1b,rel-costa-develops-eterna,company-costa-group-holdings,Costa Group Holdings Pty Ltd,develops,variety-eterna,Eterna,active,Genetic / company relationship; location not established,,,2026-08-04,7,ev-costa-heaviest-blueberry-2024,World's heaviest blueberry,https://costagroup.com.au/2024/03/12/worlds-heaviest-blueberry/,Reviewed source · claims retain their own review,2024-03-12,2026-08-04,confidence=high; Costa states that it is both the breeder and the grower of Eterna.,active,unverified,berry-blueberry,"geography-chile,geography-china,geography-peru",,documented,,,2026-10-07T07:19:58.466152+00:00
ef36ff4511c8cb1b,rel-costa-develops-eterna,company-costa-group-holdings,Costa Group Holdings Pty Ltd,develops,variety-eterna,Eterna,active,Genetic / company relationship; location not established,,,2026-08-04,25,ev-producereport-blugenix-2026,Costa launches BluGenix with five blueberry varieties suited to Yunnan,https://www.producereport.com/article/costa-launches-blugenix-5-blueberry-varieties-suited-yunnan,Reviewed source · claims retain their own review,2026-06-08,2026-08-04,confidence=high; Costa states that it is both the breeder and the grower of Eterna.,active,unverified,berry-blueberry,"geography-chile,geography-china,geography-peru",,documented,,,2026-10-07T07:19:58.466187+00:00
ef36ff4511c8cb1b,rel-costa-develops-variety-improvement-programme,company-costa-group-holdings,Costa Group Holdings Pty Ltd,develops,breeding_program-costa-variety-improvement,Costa Variety Improvement Program,active,Genetic / company relationship; location not established,,,2026-08-04,9,ev-costa-vip,Costa - Variety Improvement Program,https://costagroup.com.au/our-categories/berries-international/variety-improvement-program/,Reviewed source · claims retain their own review,,2026-08-04,"confidence=high; Costa's in-house blueberry breeding programme at Corindi, New South Wales.",active,active,berry-blueberry,"geography-chile,geography-china,geography-peru",,documented,,,2026-10-07T07:19:58.466243+00:00
ef36ff4511c8cb1b,rel-costa-operates-in-china,company-costa-group-holdings,Costa Group Holdings Pty Ltd,operates_in,geography-china,China,active,Company location; not variety presence,,,2026-08-04,25,ev-producereport-blugenix-2026,Costa launches BluGenix with five blueberry varieties suited to Yunnan,https://www.producereport.com/article/costa-launches-blugenix-5-blueberry-varieties-suited-yunnan,Reviewed source · claims retain their own review,2026-06-08,2026-08-04,confidence=medium; Named BluGenix growing country and licensing region.,active,active,berry-blueberry,"geography-chile,geography-china,geography-peru",,documented,,,2026-10-07T07:19:58.466309+00:00
ef36ff4511c8cb1b,rel-costa-owns-african-blue,company-costa-group-holdings,Costa Group Holdings Pty Ltd,owns,company-african-blue,African Blue,active,Genetic / company relationship; location not established,,,2026-08-04,6,ev-costa-african-blue-2023,African Blue broadens supply,https://costagroup.com.au/2023/04/03/african-blue-broadens-supply/,Reviewed source · claims retain their own review,2023-04-03,2026-08-04,confidence=medium; Described by Costa as its Moroccan business.,active,active,berry-blueberry,"geography-chile,geography-china,geography-peru",,documented,,,2026-10-07T07:19:58.466384+00:00
ef36ff4511c8cb1b,rel-driscolls-develops-drisblueseventeen,company-driscolls,"Driscoll's, Inc.",develops,variety-drisblueseventeen,DrisBlueSeventeen,active,Genetic / company relationship; location not established,,,2026-08-04,3,ev-cfia-pbr-drisblueseventeen,Canada PBR certificate 7097 - 'DrisBlueSeventeen' (Carlotta),https://active.inspection.gc.ca/english/plaveg/pbrpov/cropreport/bl/app00011322e.shtml,Reviewed source · claims retain their own review,2024-05-03,2026-08-04,confidence=high; Named applicant or assignee on the registered right for this denomination.,active,active,berry-blueberry,"geography-chile,geography-china,geography-peru",,documented,,,2026-10-07T07:19:58.466441+00:00
ef36ff4511c8cb1b,rel-driscolls-develops-drisbluetwentyone,company-driscolls,"Driscoll's, Inc.",develops,variety-drisbluetwentyone,DrisBlueTwentyOne,active,Genetic / company relationship; location not established,,,2026-08-04,44,ev-uspp032267-drisbluetwentyone,USPP032267P2 - 'DrisBlueTwentyOne' (Kimberley),https://patents.google.com/patent/USPP32267P2/en,Reviewed source · claims retain their own review,2020-10-06,2026-08-04,confidence=high; Named applicant or assignee on the registered right for this denomination.,active,active,berry-blueberry,"geography-chile,geography-china,geography-peru",,documented,,,2026-10-07T07:19:58.466503+00:00
ef36ff4511c8cb1b,rel-driscolls-develops-drisbluetwentythree,company-driscolls,"Driscoll's, Inc.",develops,variety-drisbluetwentythree,DrisBlueTwentyThree,active,Genetic / company relationship; location not established,,,2026-08-04,4,ev-cfia-pbr-drisbluetwentythree,Canada PBR certificate 7211 - 'DrisBlueTwentyThree' (Rosita),https://active.inspection.gc.ca/english/plaveg/pbrpov/cropreport/bl/app00011977e.shtml,Reviewed source · claims retain their own review,2024-11-01,2026-08-04,confidence=high; Named applicant or assignee on the registered right for this denomination.,active,active,berry-blueberry,"geography-chile,geography-china,geography-peru",,documented,,,2026-10-07T07:19:58.466564+00:00
ef36ff4511c8cb1b,rel-driscolls-owns-costa,company-driscolls,"Driscoll's, Inc.",owns,company-costa-group-holdings,Costa Group Holdings Pty Ltd,active,Genetic / company relationship; location not established,,2024-02-26,2026-08-04,8,ev-costa-ownership-2024,Costa Group enters new ownership phase as experienced consortium takes control,https://costagroup.com.au/2024/02/26/costa-group-enters-new-ownership-phase-as-experienced-consortium-takes-control/,Reviewed source · claims retain their own review,2024-02-26,2026-08-04,confidence=medium; Consortium member in the February 2024 take-private. Individual shareholding percentages were not disclosed in the retrieved source.,active,active,berry-blueberry,"geography-chile,geography-china,geography-peru",,documented,,,2026-10-07T07:19:58.466628+00:00
ef36ff4511c8cb1b,rel-driscolls-owns-drisblueseventeen,company-driscolls,"Driscoll's, Inc.",owns,variety-drisblueseventeen,DrisBlueSeventeen,active,Genetic / company relationship; location not established,,2024-05-03,2026-08-04,3,ev-cfia-pbr-drisblueseventeen,Canada PBR certificate 7097 - 'DrisBlueSeventeen' (Carlotta),https://active.inspection.gc.ca/english/plaveg/pbrpov/cropreport/bl/app00011322e.shtml,Reviewed source · claims retain their own review,2024-05-03,2026-08-04,"Rights-holder edge, distinct from the existing rel-driscolls-develops-drisblueseventeen (breeder edge) -- Driscoll's is both breeder and rights holder here, but the two roles are separately real and separately evidenced by the same PBR grant (Canada PBR certificate 7097, granted 2024-05-03, applicant Driscoll's, Inc.). Added for the Variety Intelligence Backbone V1 mission (2026-08-21) as the ownership/rights-model proof case: a PBR grant establishes legal rights ownership over the variety, which is a distinct fact from who bred it, even when the same company holds both roles.",active,active,berry-blueberry,"geography-chile,geography-china,geography-peru",,documented,,,2026-10-07T07:19:58.466696+00:00
ef36ff4511c8cb1b,rel-eureka-sunrise-grown-south-africa,company-berryworld,BerryWorld Group,grows,variety-eureka-sunrise,Eureka Sunrise,active,Genetic / company relationship; location not established,,,2026-08-03,12,ev-fruitnet-eureka-sunrise-2023,Taste of success for Eureka Sunrise,https://www.fruitnet.com/fresh-produce-journal/taste-of-success-for-eureka-sunrise/248114.article,Reviewed source · claims retain their own review,2023-01-20,2026-08-03,"confidence=medium; Production by BerryWorld growers in South Africa, Zimbabwe, Morocco, Spain and Portugal. Substituted structure: the schema cannot attach the production geographies to this relationship, so they are listed here and in the evidence summary.",active,active,berry-blueberry,"geography-chile,geography-china,geography-peru",,documented,,,2026-10-07T07:19:58.466790+00:00
ef36ff4511c8cb1b,rel-fall-creek-develops-blue-ribbon,company-fall-creek-farm-and-nursery,"Fall Creek Farm & Nursery, Inc.",develops,variety-blue-ribbon,Blue Ribbon,active,Genetic / company relationship; location not established,,,2026-08-03,29,ev-uspp024636-blue-ribbon,USPP024636P3 - Blue Ribbon,https://www.lens.org/lens/patent/191-850-593-909-815,Reviewed source · claims retain their own review,,2026-08-03,confidence=high; Breeding origin evidenced by the plant patent or owner platform record cited.,active,active,berry-blueberry,"geography-chile,geography-china,geography-peru",,documented,,,2026-10-07T07:19:58.466862+00:00
ef36ff4511c8cb1b,rel-fall-creek-develops-cargo,company-fall-creek-farm-and-nursery,"Fall Creek Farm & Nursery, Inc.",develops,variety-cargo,Cargo,active,Genetic / company relationship; location not established,,,2026-08-03,30,ev-uspp024661-cargo,USPP024661P3 - Cargo,https://patents.google.com/patent/USPP24661P3/en,Reviewed source · claims retain their own review,2014-07-22,2026-08-03,confidence=high; Breeding origin evidenced by the plant patent or owner platform record cited.,active,active,berry-blueberry,"geography-chile,geography-china,geography-peru",,documented,,,2026-10-07T07:19:58.466921+00:00
ef36ff4511c8cb1b,rel-fall-creek-develops-fc11-164,company-fall-creek-farm-and-nursery,"Fall Creek Farm & Nursery, Inc.",develops,variety-fc11-164,FC11-164,active,Genetic / company relationship; location not established,,,2026-08-03,47,ev-uspp034903-fc11-164,USPP034903P2 - 'FC11-164',https://patents.google.com/patent/USPP34903P2/en,Reviewed source · claims retain their own review,,2026-08-03,confidence=high; Breeding origin evidenced by the plant patent or owner platform record cited.,active,unverified,berry-blueberry,"geography-chile,geography-china,geography-peru",,documented,,,2026-10-07T07:19:58.466979+00:00
ef36ff4511c8cb1b,rel-fall-creek-develops-last-call,company-fall-creek-farm-and-nursery,"Fall Creek Farm & Nursery, Inc.",develops,variety-last-call,Last Call,active,Genetic / company relationship; location not established,,,2026-08-03,32,ev-uspp025386-last-call,USPP025386P3 - Last Call,https://patents.google.com/patent/USPP25386P3/en,Reviewed source · claims retain their own review,2015-03-31,2026-08-03,confidence=high; Breeding origin evidenced by the plant patent or owner platform record cited.,active,active,berry-blueberry,"geography-chile,geography-china,geography-peru",,documented,,,2026-10-07T07:19:58.467053+00:00
ef36ff4511c8cb1b,rel-fall-creek-develops-sekoya-beauty,company-fall-creek-farm-and-nursery,"Fall Creek Farm & Nursery, Inc.",develops,variety-sekoya-beauty,SEKOYA Beauty,active,Genetic / company relationship; location not established,,,2026-08-03,39,ev-uspp028437-sekoya-beauty,USPP028437P3 - SEKOYA Beauty 'FCM12-097',https://www.lens.org/lens/patent/004-752-018-959-306,Reviewed source · claims retain their own review,,2026-08-03,confidence=high; Breeding origin evidenced by the plant patent or owner platform record cited.,active,active,berry-blueberry,"geography-chile,geography-china,geography-peru",,documented,,,2026-10-07T07:19:58.467113+00:00
ef36ff4511c8cb1b,rel-fall-creek-develops-sekoya-crunch,company-fall-creek-farm-and-nursery,"Fall Creek Farm & Nursery, Inc.",develops,variety-sekoya-crunch,SEKOYA Crunch,active,Genetic / company relationship; location not established,,,2026-08-03,26,ev-sekoya-story,Story,https://sekoyafruit.com/story/,Reviewed source · claims retain their own review,,2026-08-03,confidence=high; Breeding origin evidenced by the plant patent or owner platform record cited.,active,active,berry-blueberry,"geography-chile,geography-china,geography-peru",,documented,,,2026-10-07T07:19:58.467183+00:00
ef36ff4511c8cb1b,rel-fall-creek-develops-sekoya-fiesta,company-fall-creek-farm-and-nursery,"Fall Creek Farm & Nursery, Inc.",develops,variety-sekoya-fiesta,SEKOYA Fiesta,active,Genetic / company relationship; location not established,,,2026-08-03,26,ev-sekoya-story,Story,https://sekoyafruit.com/story/,Reviewed source · claims retain their own review,,2026-08-03,confidence=high; Breeding origin evidenced by the plant patent or owner platform record cited.,active,active,berry-blueberry,"geography-chile,geography-china,geography-peru",,documented,,,2026-10-07T07:19:58.467255+00:00
ef36ff4511c8cb1b,rel-fall-creek-develops-sekoya-grande,company-fall-creek-farm-and-nursery,"Fall Creek Farm & Nursery, Inc.",develops,variety-sekoya-grande,SEKOYA Grande,active,Genetic / company relationship; location not established,,,2026-08-03,42,ev-uspp031822-sekoya-grande,USPP031822P3 - SEKOYA Grande 'FC13-122',https://www.lens.org/lens/patent/139-742-711-781-653,Reviewed source · claims retain their own review,,2026-08-03,confidence=high; Breeding origin evidenced by the plant patent or owner platform record cited.,active,active,berry-blueberry,"geography-chile,geography-china,geography-peru",,documented,,,2026-10-07T07:19:58.467310+00:00
ef36ff4511c8cb1b,rel-fall-creek-develops-sekoya-nova,company-fall-creek-farm-and-nursery,"Fall Creek Farm & Nursery, Inc.",develops,variety-sekoya-nova,SEKOYA Nova,active,Genetic / company relationship; location not established,,,2026-08-03,24,ev-produce-report-sekoya-nova-2026,Fall Creek To Reveal New Sekoya Nova 'FC15-173' High-Chill Blueberry Variety,https://www.producereport.com/article/press-release-fall-creek-reveal-new-sekoya-nova-fc15-173-high-chill-blueberry-variety,Reviewed source · claims retain their own review,2026-02-03,2026-08-03,confidence=high; Breeding origin evidenced by the plant patent or owner platform record cited.,active,active,berry-blueberry,"geography-chile,geography-china,geography-peru",,documented,,,2026-10-07T07:19:58.467373+00:00
ef36ff4511c8cb1b,rel-fall-creek-develops-sekoya-pop,company-fall-creek-farm-and-nursery,"Fall Creek Farm & Nursery, Inc.",develops,variety-sekoya-pop,SEKOYA Pop,active,Genetic / company relationship; location not established,,,2026-08-03,43,ev-uspp032186-sekoya-pop,USPP032186P3 - SEKOYA Pop 'FCM14-052',https://www.lens.org/lens/patent/023-656-990-841-841,Reviewed source · claims retain their own review,,2026-08-03,confidence=high; Breeding origin evidenced by the plant patent or owner platform record cited.,active,active,berry-blueberry,"geography-chile,geography-china,geography-peru",,documented,,,2026-10-07T07:19:58.467439+00:00
ef36ff4511c8cb1b,rel-fall-creek-develops-top-shelf,company-fall-creek-farm-and-nursery,"Fall Creek Farm & Nursery, Inc.",develops,variety-top-shelf,Top Shelf,active,Genetic / company relationship; location not established,,,2026-08-03,31,ev-uspp024697-top-shelf,USPP024697P3 - Top Shelf,https://patents.google.com/patent/USPP24697P3/en,Reviewed source · claims retain their own review,2014-07-29,2026-08-03,confidence=high; Breeding origin evidenced by the plant patent or owner platform record cited.,active,active,berry-blueberry,"geography-chile,geography-china,geography-peru",,documented,,,2026-10-07T07:19:58.467502+00:00
ef36ff4511c8cb1b,rel-fall-creek-operates-in-chile,company-fall-creek-farm-and-nursery,"Fall Creek Farm & Nursery, Inc.",operates_in,geography-chile,Chile,active,Company location; not variety presence,,2026-03-06,2026-08-03,11,ev-freshplaza-fall-creek-chile-2026,Fall Creek strengthens blueberry commitment in southern Chile,https://www.freshplaza.com/latin-america/article/9761007/fall-creek-strengthens-blueberry-commitment-in-southern-chile/,Reviewed source · claims retain their own review,2026-03-06,2026-08-03,confidence=medium; Variety validation programme reported in southern Chile.,active,active,berry-blueberry,"geography-chile,geography-china,geography-peru",,documented,,,2026-10-07T07:19:58.467563+00:00
ef36ff4511c8cb1b,rel-fall-creek-operates-sekoya,company-fall-creek-farm-and-nursery,"Fall Creek Farm & Nursery, Inc.",operates_in,geography-china,China,active,Company location; not variety presence,Intent only · not an established operation,2025-11-13,2026-08-03,23,ev-produce-report-sekoya-china-2025,"Sekoya confident about its premium blueberries in Asian, Chinese markets",https://www.producereport.com/article/sekoya-confident-about-its-premium-blueberries-asian-chinese-markets,Reviewed source · claims retain their own review,2025-11-13,2026-08-03,"confidence=low; Stated market intent for the SEKOYA platform in China. Substituted predicate: 'operates_in' overstates a stated intention; treat as an intent signal, not an established operation.",active,active,berry-blueberry,"geography-chile,geography-china,geography-peru",,documented,,,2026-10-07T07:19:58.467630+00:00
ef36ff4511c8cb1b,rel-fall-creek-program-develops-blue-ribbon,breeding_program-fall-creek-blueberry-breeding,Fall Creek Blueberry Breeding Program,develops,variety-blue-ribbon,Blue Ribbon,active,Genetic / company relationship; location not established,,,2026-08-03,29,ev-uspp024636-blue-ribbon,USPP024636P3 - Blue Ribbon,https://www.lens.org/lens/patent/191-850-593-909-815,Reviewed source · claims retain their own review,,2026-08-03,confidence=high; Selection code prefix and assignee of record place this cultivar in the Fall Creek programme.,active,active,berry-blueberry,"geography-chile,geography-china,geography-peru",,documented,,,2026-10-07T07:19:58.467706+00:00
ef36ff4511c8cb1b,rel-fall-creek-program-develops-cargo,breeding_program-fall-creek-blueberry-breeding,Fall Creek Blueberry Breeding Program,develops,variety-cargo,Cargo,active,Genetic / company relationship; location not established,,,2026-08-03,30,ev-uspp024661-cargo,USPP024661P3 - Cargo,https://patents.google.com/patent/USPP24661P3/en,Reviewed source · claims retain their own review,2014-07-22,2026-08-03,confidence=high; Selection code prefix and assignee of record place this cultivar in the Fall Creek programme.,active,active,berry-blueberry,"geography-chile,geography-china,geography-peru",,documented,,,2026-10-07T07:19:58.467769+00:00
ef36ff4511c8cb1b,rel-fall-creek-program-develops-fc11-164,breeding_program-fall-creek-blueberry-breeding,Fall Creek Blueberry Breeding Program,develops,variety-fc11-164,FC11-164,active,Genetic / company relationship; location not established,,,2026-08-03,47,ev-uspp034903-fc11-164,USPP034903P2 - 'FC11-164',https://patents.google.com/patent/USPP34903P2/en,Reviewed source · claims retain their own review,,2026-08-03,confidence=high; Selection code prefix and assignee of record place this cultivar in the Fall Creek programme.,active,unverified,berry-blueberry,"geography-chile,geography-china,geography-peru",,documented,,,2026-10-07T07:19:58.467832+00:00
ef36ff4511c8cb1b,rel-fall-creek-program-develops-last-call,breeding_program-fall-creek-blueberry-breeding,Fall Creek Blueberry Breeding Program,develops,variety-last-call,Last Call,active,Genetic / company relationship; location not established,,,2026-08-03,32,ev-uspp025386-last-call,USPP025386P3 - Last Call,https://patents.google.com/patent/USPP25386P3/en,Reviewed source · claims retain their own review,2015-03-31,2026-08-03,confidence=high; Selection code prefix and assignee of record place this cultivar in the Fall Creek programme.,active,active,berry-blueberry,"geography-chile,geography-china,geography-peru",,documented,,,2026-10-07T07:19:58.467894+00:00
ef36ff4511c8cb1b,rel-fall-creek-program-develops-sekoya-beauty,breeding_program-fall-creek-blueberry-breeding,Fall Creek Blueberry Breeding Program,develops,variety-sekoya-beauty,SEKOYA Beauty,active,Genetic / company relationship; location not established,,,2026-08-03,39,ev-uspp028437-sekoya-beauty,USPP028437P3 - SEKOYA Beauty 'FCM12-097',https://www.lens.org/lens/patent/004-752-018-959-306,Reviewed source · claims retain their own review,,2026-08-03,confidence=high; Selection code prefix and assignee of record place this cultivar in the Fall Creek programme.,active,active,berry-blueberry,"geography-chile,geography-china,geography-peru",,documented,,,2026-10-07T07:19:58.467954+00:00
ef36ff4511c8cb1b,rel-fall-creek-program-develops-sekoya-crunch,breeding_program-fall-creek-blueberry-breeding,Fall Creek Blueberry Breeding Program,develops,variety-sekoya-crunch,SEKOYA Crunch,active,Genetic / company relationship; location not established,,,2026-08-03,26,ev-sekoya-story,Story,https://sekoyafruit.com/story/,Reviewed source · claims retain their own review,,2026-08-03,confidence=high; Selection code prefix and assignee of record place this cultivar in the Fall Creek programme.,active,active,berry-blueberry,"geography-chile,geography-china,geography-peru",,documented,,,2026-10-07T07:19:58.468011+00:00
ef36ff4511c8cb1b,rel-fall-creek-program-develops-sekoya-fiesta,breeding_program-fall-creek-blueberry-breeding,Fall Creek Blueberry Breeding Program,develops,variety-sekoya-fiesta,SEKOYA Fiesta,active,Genetic / company relationship; location not established,,,2026-08-03,26,ev-sekoya-story,Story,https://sekoyafruit.com/story/,Reviewed source · claims retain their own review,,2026-08-03,confidence=high; Selection code prefix and assignee of record place this cultivar in the Fall Creek programme.,active,active,berry-blueberry,"geography-chile,geography-china,geography-peru",,documented,,,2026-10-07T07:19:58.468074+00:00
ef36ff4511c8cb1b,rel-fall-creek-program-develops-sekoya-grande,breeding_program-fall-creek-blueberry-breeding,Fall Creek Blueberry Breeding Program,develops,variety-sekoya-grande,SEKOYA Grande,active,Genetic / company relationship; location not established,,,2026-08-03,42,ev-uspp031822-sekoya-grande,USPP031822P3 - SEKOYA Grande 'FC13-122',https://www.lens.org/lens/patent/139-742-711-781-653,Reviewed source · claims retain their own review,,2026-08-03,confidence=high; Selection code prefix and assignee of record place this cultivar in the Fall Creek programme.,active,active,berry-blueberry,"geography-chile,geography-china,geography-peru",,documented,,,2026-10-07T07:19:58.468206+00:00
ef36ff4511c8cb1b,rel-fall-creek-program-develops-sekoya-nova,breeding_program-fall-creek-blueberry-breeding,Fall Creek Blueberry Breeding Program,develops,variety-sekoya-nova,SEKOYA Nova,active,Genetic / company relationship; location not established,,,2026-08-03,24,ev-produce-report-sekoya-nova-2026,Fall Creek To Reveal New Sekoya Nova 'FC15-173' High-Chill Blueberry Variety,https://www.producereport.com/article/press-release-fall-creek-reveal-new-sekoya-nova-fc15-173-high-chill-blueberry-variety,Reviewed source · claims retain their own review,2026-02-03,2026-08-03,confidence=high; Selection code prefix and assignee of record place this cultivar in the Fall Creek programme.,active,active,berry-blueberry,"geography-chile,geography-china,geography-peru",,documented,,,2026-10-07T07:19:58.468279+00:00
ef36ff4511c8cb1b,rel-fall-creek-program-develops-sekoya-pop,breeding_program-fall-creek-blueberry-breeding,Fall Creek Blueberry Breeding Program,develops,variety-sekoya-pop,SEKOYA Pop,active,Genetic / company relationship; location not established,,,2026-08-03,43,ev-uspp032186-sekoya-pop,USPP032186P3 - SEKOYA Pop 'FCM14-052',https://www.lens.org/lens/patent/023-656-990-841-841,Reviewed source · claims retain their own review,,2026-08-03,confidence=high; Selection code prefix and assignee of record place this cultivar in the Fall Creek programme.,active,active,berry-blueberry,"geography-chile,geography-china,geography-peru",,documented,,,2026-10-07T07:19:58.468368+00:00
ef36ff4511c8cb1b,rel-fall-creek-program-develops-top-shelf,breeding_program-fall-creek-blueberry-breeding,Fall Creek Blueberry Breeding Program,develops,variety-top-shelf,Top Shelf,active,Genetic / company relationship; location not established,,,2026-08-03,31,ev-uspp024697-top-shelf,USPP024697P3 - Top Shelf,https://patents.google.com/patent/USPP24697P3/en,Reviewed source · claims retain their own review,2014-07-29,2026-08-03,confidence=high; Selection code prefix and assignee of record place this cultivar in the Fall Creek programme.,active,active,berry-blueberry,"geography-chile,geography-china,geography-peru",,documented,,,2026-10-07T07:19:58.468435+00:00
ef36ff4511c8cb1b,rel-fall-creek-trials-fc11-164-chile,company-fall-creek-farm-and-nursery,"Fall Creek Farm & Nursery, Inc.",trials,variety-fc11-164,FC11-164,active,Genetic / company relationship; location not established,Legacy role mapping · verify the source,2026-03-06,2026-08-03,11,ev-freshplaza-fall-creek-chile-2026,Fall Creek strengthens blueberry commitment in southern Chile,https://www.freshplaza.com/latin-america/article/9761007/fall-creek-strengthens-blueberry-commitment-in-southern-chile/,Reviewed source · claims retain their own review,2026-03-06,2026-08-03,"confidence=medium; Under validation or in development in southern Chile as reported in 2026. Substituted predicate: the schema has no way to attach a geography to a trials relationship, so the location is stated here and in the evidence summary.",active,unverified,berry-blueberry,"geography-chile,geography-china,geography-peru",,documented,,,2026-10-07T07:19:58.468501+00:00
ef36ff4511c8cb1b,rel-fall-creek-trials-sekoya-crunch-chile,company-fall-creek-farm-and-nursery,"Fall Creek Farm & Nursery, Inc.",trials,variety-sekoya-crunch,SEKOYA Crunch,active,Genetic / company relationship; location not established,Legacy role mapping · verify the source,2026-03-06,2026-08-03,11,ev-freshplaza-fall-creek-chile-2026,Fall Creek strengthens blueberry commitment in southern Chile,https://www.freshplaza.com/latin-america/article/9761007/fall-creek-strengthens-blueberry-commitment-in-southern-chile/,Reviewed source · claims retain their own review,2026-03-06,2026-08-03,"confidence=medium; Under validation or in development in southern Chile as reported in 2026. Substituted predicate: the schema has no way to attach a geography to a trials relationship, so the location is stated here and in the evidence summary.",active,active,berry-blueberry,"geography-chile,geography-china,geography-peru",,documented,,,2026-10-07T07:19:58.468578+00:00
ef36ff4511c8cb1b,rel-fall-creek-trials-sekoya-fiesta-chile,company-fall-creek-farm-and-nursery,"Fall Creek Farm & Nursery, Inc.",trials,variety-sekoya-fiesta,SEKOYA Fiesta,active,Genetic / company relationship; location not established,Legacy role mapping · verify the source,2026-03-06,2026-08-03,11,ev-freshplaza-fall-creek-chile-2026,Fall Creek strengthens blueberry commitment in southern Chile,https://www.freshplaza.com/latin-america/article/9761007/fall-creek-strengthens-blueberry-commitment-in-southern-chile/,Reviewed source · claims retain their own review,2026-03-06,2026-08-03,"confidence=medium; Under validation or in development in southern Chile as reported in 2026. Substituted predicate: the schema has no way to attach a geography to a trials relationship, so the location is stated here and in the evidence summary.",active,active,berry-blueberry,"geography-chile,geography-china,geography-peru",,documented,,,2026-10-07T07:19:58.468733+00:00
ef36ff4511c8cb1b,rel-fall-creek-trials-sekoya-grande-chile,company-fall-creek-farm-and-nursery,"Fall Creek Farm & Nursery, Inc.",trials,variety-sekoya-grande,SEKOYA Grande,active,Genetic / company relationship; location not established,Legacy role mapping · verify the source,2026-03-06,2026-08-03,11,ev-freshplaza-fall-creek-chile-2026,Fall Creek strengthens blueberry commitment in southern Chile,https://www.freshplaza.com/latin-america/article/9761007/fall-creek-strengthens-blueberry-commitment-in-southern-chile/,Reviewed source · claims retain their own review,2026-03-06,2026-08-03,"confidence=medium; Under validation or in development in southern Chile as reported in 2026. Substituted predicate: the schema has no way to attach a geography to a trials relationship, so the location is stated here and in the evidence summary.",active,active,berry-blueberry,"geography-chile,geography-china,geography-peru",,documented,,,2026-10-07T07:19:58.468815+00:00
ef36ff4511c8cb1b,rel-fall-creek-trials-sekoya-nova-chile,company-fall-creek-farm-and-nursery,"Fall Creek Farm & Nursery, Inc.",trials,variety-sekoya-nova,SEKOYA Nova,active,Genetic / company relationship; location not established,Legacy role mapping · verify the source,2026-03-06,2026-08-03,11,ev-freshplaza-fall-creek-chile-2026,Fall Creek strengthens blueberry commitment in southern Chile,https://www.freshplaza.com/latin-america/article/9761007/fall-creek-strengthens-blueberry-commitment-in-southern-chile/,Reviewed source · claims retain their own review,2026-03-06,2026-08-03,"confidence=medium; Under validation or in development in southern Chile as reported in 2026. Substituted predicate: the schema has no way to attach a geography to a trials relationship, so the location is stated here and in the evidence summary.",active,active,berry-blueberry,"geography-chile,geography-china,geography-peru",,documented,,,2026-10-07T07:19:58.468876+00:00
ef36ff4511c8cb1b,rel-fall-creek-trials-sekoya-pop-chile,company-fall-creek-farm-and-nursery,"Fall Creek Farm & Nursery, Inc.",trials,variety-sekoya-pop,SEKOYA Pop,active,Genetic / company relationship; location not established,Legacy role mapping · verify the source,2026-03-06,2026-08-03,11,ev-freshplaza-fall-creek-chile-2026,Fall Creek strengthens blueberry commitment in southern Chile,https://www.freshplaza.com/latin-america/article/9761007/fall-creek-strengthens-blueberry-commitment-in-southern-chile/,Reviewed source · claims retain their own review,2026-03-06,2026-08-03,"confidence=medium; Under validation or in development in southern Chile as reported in 2026. Substituted predicate: the schema has no way to attach a geography to a trials relationship, so the location is stated here and in the evidence summary.",active,active,berry-blueberry,"geography-chile,geography-china,geography-peru",,documented,,,2026-10-07T07:19:58.468938+00:00
ef36ff4511c8cb1b,rel-hortifrut-operates-in-chile,company-hortifrut,Hortifrut S.A.,operates_in,geography-chile,Chile,active,Company location; not variety presence,Registered office · growing not established,,2026-08-04,13,ev-hortifrut-annual-report-2020,Hortifrut Annual Report 2020,https://investor.hortifrut.com/wp-content/uploads/2021/07/annual-report-hortifrut-2020.pdf,Reviewed source · claims retain their own review,2021-07-01,2026-08-04,confidence=high; Country of incorporation and registered office.,active,active,berry-blueberry,"geography-chile,geography-china,geography-peru",,documented,,,2026-10-07T07:19:58.469006+00:00
ef36ff4511c8cb1b,rel-hortifrut-operates-in-china,company-hortifrut,Hortifrut S.A.,operates_in,geography-china,China,active,Company location; not variety presence,Test station · variety presence not established,,2026-08-04,14,ev-hortifrut-genetic-development,Hortifrut - Genetic Development,https://www.hortifrut.com/innovation/genetic-development/,Reviewed source · claims retain their own review,,2026-08-04,confidence=medium; Named breeding test-station location.,active,active,berry-blueberry,"geography-chile,geography-china,geography-peru",,documented,,,2026-10-07T07:19:58.469054+00:00
ef36ff4511c8cb1b,rel-hortifrut-operates-in-peru,company-hortifrut,Hortifrut S.A.,operates_in,geography-peru,Peru,active,Company location; not variety presence,Test station · variety presence not established,,2026-08-04,14,ev-hortifrut-genetic-development,Hortifrut - Genetic Development,https://www.hortifrut.com/innovation/genetic-development/,Reviewed source · claims retain their own review,,2026-08-04,confidence=medium; Named breeding test-station location.,active,active,berry-blueberry,"geography-chile,geography-china,geography-peru",,documented,,,2026-10-07T07:19:58.469143+00:00
ef36ff4511c8cb1b,rel-hortifrut-owns-atlantic-blue-programme,company-hortifrut,Hortifrut S.A.,owns,breeding_program-atlantic-blue-royal-berries,Atlantic Blue / Royal Berries blueberry breeding programme,active,Genetic / company relationship; location not established,,2021-10-20,2026-08-04,19,ev-leadersleague-atlantic-blue-2021,Chilean berry company Hortifrut acquires Spain's Atlantic Blue for $280m,https://www.leadersleague.com/en/news/chilean-berry-company-hortifrut-acquires-spain-s-atlantic-blue-for-280m,Reviewed source · claims retain their own review,2021-10-20,2026-08-04,"confidence=medium; Acquired with 100 per cent of Atlantic Blue in 2021, including its worldwide blueberry variety and breeding development programme.",active,active,berry-blueberry,"geography-chile,geography-china,geography-peru",,documented,,,2026-10-07T07:19:58.469200+00:00
ef36ff4511c8cb1b,rel-hortifrut-owns-atlantic-blue-programme,company-hortifrut,Hortifrut S.A.,owns,breeding_program-atlantic-blue-royal-berries,Atlantic Blue / Royal Berries blueberry breeding programme,active,Genetic / company relationship; location not established,,2021-10-20,2026-08-04,14,ev-hortifrut-genetic-development,Hortifrut - Genetic Development,https://www.hortifrut.com/innovation/genetic-development/,Reviewed source · claims retain their own review,,2026-08-04,"confidence=medium; Acquired with 100 per cent of Atlantic Blue in 2021, including its worldwide blueberry variety and breeding development programme.",active,active,berry-blueberry,"geography-chile,geography-china,geography-peru",,documented,,,2026-10-07T07:19:58.469415+00:00
ef36ff4511c8cb1b,rel-hortifrut-owns-berry-blue,company-hortifrut,Hortifrut S.A.,owns,company-berry-blue-llc,"Berry Blue, LLC",disputed,Genetic / company relationship; location not established,,,2026-08-04,14,ev-hortifrut-genetic-development,Hortifrut - Genetic Development,https://www.hortifrut.com/innovation/genetic-development/,Reviewed source · claims retain their own review,,2026-08-04,confidence=low; Asserted as a Hortifrut joint venture interest by Hortifrut and contradicted by MBG's description of sole ownership. Recorded as disputed pending an ownership instrument.,active,active,berry-blueberry,"geography-chile,geography-china,geography-peru",,documented,,,2026-10-07T07:19:58.469475+00:00
ef36ff4511c8cb1b,rel-hortifrut-owns-berry-blue,company-hortifrut,Hortifrut S.A.,owns,company-berry-blue-llc,"Berry Blue, LLC",disputed,Genetic / company relationship; location not established,,,2026-08-04,20,ev-mbg-berry-blue-varieties,"Proprietary berry varieties - Berry Blue, LLC",https://www.blueberries.com/proprietary-berry-varieties-berry-blue-llc/,Reviewed source · claims retain their own review,,2026-08-04,confidence=low; Asserted as a Hortifrut joint venture interest by Hortifrut and contradicted by MBG's description of sole ownership. Recorded as disputed pending an ownership instrument.,active,active,berry-blueberry,"geography-chile,geography-china,geography-peru",,documented,,,2026-10-07T07:19:58.469621+00:00
ef36ff4511c8cb1b,rel-hortifrut-partners-with-mbg,company-hortifrut,Hortifrut S.A.,partners_with,company-michigan-blueberry-growers,Michigan Blueberry Growers Association,active,Genetic / company relationship; location not established,,,2026-08-04,14,ev-hortifrut-genetic-development,Hortifrut - Genetic Development,https://www.hortifrut.com/innovation/genetic-development/,Reviewed source · claims retain their own review,,2026-08-04,"confidence=high; Berry Blue, LLC blueberry breeding joint venture, described by Hortifrut as created over a decade ago.",active,active,berry-blueberry,"geography-chile,geography-china,geography-peru",,documented,,,2026-10-07T07:19:58.469684+00:00
ef36ff4511c8cb1b,rel-hortifrut-partners-with-mbo,company-hortifrut,Hortifrut S.A.,partners_with,company-mountain-blue-orchards,Mountain Blue Orchards Pty Ltd,active,Genetic / company relationship; location not established,,2026-07-30,2026-08-04,16,ev-hortifrut-mbo-genetics-2026,Naturipe Farms and Hortifrut expand berry genetics platform with Mountain Blue,https://www.hortifrut.com/naturipe-farms-and-hortifrut-expand-one-of-the-worlds-broadest-berry-geneticsplatforms-to-deliver-the-next-generation-of-premium-berriesnaturipe-farms-and-hortifrut-expand-one-of-the-world/,Reviewed source · claims retain their own review,2026-07-30,2026-08-04,confidence=high; Strategic genetics collaboration announced 30 July 2026.,active,active,berry-blueberry,"geography-chile,geography-china,geography-peru",,documented,,,2026-10-07T07:19:58.469730+00:00
ef36ff4511c8cb1b,rel-hortifrut-partners-with-mbo,company-hortifrut,Hortifrut S.A.,partners_with,company-mountain-blue-orchards,Mountain Blue Orchards Pty Ltd,active,Genetic / company relationship; location not established,,2026-07-30,2026-08-04,10,ev-ffp-hortifrut-mbo-2026,Hortifrut and MBO berry deal,https://www.freshfruitportal.com/news/2026/07/30/hortifrut-mbo-berry-deal/,Reviewed source · claims retain their own review,2026-07-30,2026-08-04,confidence=high; Strategic genetics collaboration announced 30 July 2026.,active,active,berry-blueberry,"geography-chile,geography-china,geography-peru",,documented,,,2026-10-07T07:19:58.469786+00:00
ef36ff4511c8cb1b,rel-hortifrut-partners-with-naturipe,company-hortifrut,Hortifrut S.A.,partners_with,company-naturipe-farms,Naturipe Farms,active,Genetic / company relationship; location not established,,,2026-08-04,16,ev-hortifrut-mbo-genetics-2026,Naturipe Farms and Hortifrut expand berry genetics platform with Mountain Blue,https://www.hortifrut.com/naturipe-farms-and-hortifrut-expand-one-of-the-worlds-broadest-berry-geneticsplatforms-to-deliver-the-next-generation-of-premium-berriesnaturipe-farms-and-hortifrut-expand-one-of-the-world/,Reviewed source · claims retain their own review,2026-07-30,2026-08-04,confidence=high; Joint announcing parties on the 2026 genetics platform expansion; Hortifrut's investor page identifies MBG and Munger Brothers as Naturipe partners.,active,active,berry-blueberry,"geography-chile,geography-china,geography-peru",,documented,,,2026-10-07T07:19:58.469833+00:00
ef36ff4511c8cb1b,rel-hortifrut-partners-with-naturipe,company-hortifrut,Hortifrut S.A.,partners_with,company-naturipe-farms,Naturipe Farms,active,Genetic / company relationship; location not established,,,2026-08-04,15,ev-hortifrut-investor-company,Hortifrut - Company (investor site),https://investor.hortifrut.com/en/company/,Reviewed source · claims retain their own review,,2026-08-04,confidence=high; Joint announcing parties on the 2026 genetics platform expansion; Hortifrut's investor page identifies MBG and Munger Brothers as Naturipe partners.,active,active,berry-blueberry,"geography-chile,geography-china,geography-peru",,documented,,,2026-10-07T07:19:58.469896+00:00
ef36ff4511c8cb1b,rel-mbg-owns-berry-blue,company-michigan-blueberry-growers,Michigan Blueberry Growers Association,owns,company-berry-blue-llc,"Berry Blue, LLC",disputed,Genetic / company relationship; location not established,,,2026-08-04,20,ev-mbg-berry-blue-varieties,"Proprietary berry varieties - Berry Blue, LLC",https://www.blueberries.com/proprietary-berry-varieties-berry-blue-llc/,Reviewed source · claims retain their own review,,2026-08-04,confidence=low; Asserted by MBG and contradicted by Hortifrut's joint-venture description. Recorded as disputed pending an ownership instrument.,active,active,berry-blueberry,"geography-chile,geography-china,geography-peru",,documented,,,2026-10-07T07:19:58.469958+00:00
ef36ff4511c8cb1b,rel-mbg-owns-berry-blue,company-michigan-blueberry-growers,Michigan Blueberry Growers Association,owns,company-berry-blue-llc,"Berry Blue, LLC",disputed,Genetic / company relationship; location not established,,,2026-08-04,14,ev-hortifrut-genetic-development,Hortifrut - Genetic Development,https://www.hortifrut.com/innovation/genetic-development/,Reviewed source · claims retain their own review,,2026-08-04,confidence=low; Asserted by MBG and contradicted by Hortifrut's joint-venture description. Recorded as disputed pending an ownership instrument.,active,active,berry-blueberry,"geography-chile,geography-china,geography-peru",,documented,,,2026-10-07T07:19:58.470019+00:00
ef36ff4511c8cb1b,rel-mbo-develops-eureka,company-mountain-blue-orchards,Mountain Blue Orchards Pty Ltd,develops,variety-eureka,Eureka,active,Genetic / company relationship; location not established,,,2026-08-03,33,ev-uspp025432-ridley-1403,USPP025432P3 - 'Ridley 1403',https://patents.google.com/patent/USPP25432P3/en,Reviewed source · claims retain their own review,2012-11-13,2026-08-03,"confidence=high; Breeding origin evidenced by the plant patent record, except for Twilight where only a marketer attribution to the Mountain Blue programme was located.",active,active,berry-blueberry,"geography-chile,geography-china,geography-peru",,documented,,,2026-10-07T07:19:58.470080+00:00
ef36ff4511c8cb1b,rel-mbo-develops-eureka-sunrise,company-mountain-blue-orchards,Mountain Blue Orchards Pty Ltd,develops,variety-eureka-sunrise,Eureka Sunrise,active,Genetic / company relationship; location not established,,,2026-08-03,41,ev-uspp031605-ridley-1602,USPP031605P3 - 'Ridley 1602' (Eureka Sunrise),https://patents.google.com/patent/USPP31605P3/en,Reviewed source · claims retain their own review,2020-03-31,2026-08-03,"confidence=high; Breeding origin evidenced by the plant patent record, except for Twilight where only a marketer attribution to the Mountain Blue programme was located.",active,active,berry-blueberry,"geography-chile,geography-china,geography-peru",,documented,,,2026-10-07T07:19:58.470142+00:00
ef36ff4511c8cb1b,rel-mbo-develops-opi,company-mountain-blue-orchards,Mountain Blue Orchards Pty Ltd,develops,variety-opi,Opi,active,Genetic / company relationship; location not established,,,2026-08-03,28,ev-uspp023572-ridley-1111,USPP023572P3 - 'Ridley 1111' (Opi),https://fruitplantsvariation.blogspot.com/2018/07/opi-ridley-1111-blueberry.html,Reviewed source · claims retain their own review,2018-07-01,2026-08-03,"confidence=high; Breeding origin evidenced by the plant patent record, except for Twilight where only a marketer attribution to the Mountain Blue programme was located.",active,active,berry-blueberry,"geography-chile,geography-china,geography-peru",,documented,,,2026-10-07T07:19:58.470208+00:00
ef36ff4511c8cb1b,rel-mbo-develops-twilight,company-mountain-blue-orchards,Mountain Blue Orchards Pty Ltd,develops,variety-twilight,Twilight,active,Genetic / company relationship; location not established,,,2026-08-03,1,ev-berryworld-varieties,Berries - varieties,https://www.berryworld.com/en-gb/berries/varieties,Reviewed source · claims retain their own review,,2026-08-03,"confidence=medium; Breeding origin evidenced by the plant patent record, except for Twilight where only a marketer attribution to the Mountain Blue programme was located.",active,unverified,berry-blueberry,"geography-chile,geography-china,geography-peru",,documented,,,2026-10-07T07:19:58.470271+00:00
ef36ff4511c8cb1b,rel-mbo-operates-in-china,company-mountain-blue-orchards,Mountain Blue Orchards Pty Ltd,operates_in,geography-china,China,active,Company location; not variety presence,Rights enforcement · production not established,2024-12-02,2026-08-03,18,ev-ibo-mbo-china-judgment-2024,Mountain Blue Orchards wins historic lawsuit in China over illegal propagation of blueberries,https://www.internationalblueberry.org/2024/12/02/mountain-blue-orchards-wins-historic-lawsuit-in-china-over-illegal-propagation-of-blueberries/,Reviewed source · claims retain their own review,2024-12-02,2026-08-03,confidence=medium; Holds and has successfully enforced a plant breeders' right in China. Substituted predicate: 'operates_in' is used for a rights-holding and enforcement presence rather than production.,active,active,berry-blueberry,"geography-chile,geography-china,geography-peru",,documented,,,2026-10-07T07:19:58.470402+00:00
ef36ff4511c8cb1b,rel-mbo-program-develops-eureka,breeding_program-mountain-blue-blueberry-breeding,Mountain Blue Blueberry Breeding Program,develops,variety-eureka,Eureka,active,Genetic / company relationship; location not established,,,2026-08-03,33,ev-uspp025432-ridley-1403,USPP025432P3 - 'Ridley 1403',https://patents.google.com/patent/USPP25432P3/en,Reviewed source · claims retain their own review,2012-11-13,2026-08-03,confidence=high; 'Ridley' selection series.,active,active,berry-blueberry,"geography-chile,geography-china,geography-peru",,documented,,,2026-10-07T07:19:58.470482+00:00
ef36ff4511c8cb1b,rel-mbo-program-develops-eureka-sunrise,breeding_program-mountain-blue-blueberry-breeding,Mountain Blue Blueberry Breeding Program,develops,variety-eureka-sunrise,Eureka Sunrise,active,Genetic / company relationship; location not established,,,2026-08-03,41,ev-uspp031605-ridley-1602,USPP031605P3 - 'Ridley 1602' (Eureka Sunrise),https://patents.google.com/patent/USPP31605P3/en,Reviewed source · claims retain their own review,2020-03-31,2026-08-03,confidence=high; 'Ridley' selection series.,active,active,berry-blueberry,"geography-chile,geography-china,geography-peru",,documented,,,2026-10-07T07:19:58.470533+00:00
ef36ff4511c8cb1b,rel-mbo-program-develops-opi,breeding_program-mountain-blue-blueberry-breeding,Mountain Blue Blueberry Breeding Program,develops,variety-opi,Opi,active,Genetic / company relationship; location not established,,,2026-08-03,28,ev-uspp023572-ridley-1111,USPP023572P3 - 'Ridley 1111' (Opi),https://fruitplantsvariation.blogspot.com/2018/07/opi-ridley-1111-blueberry.html,Reviewed source · claims retain their own review,2018-07-01,2026-08-03,confidence=high; 'Ridley' selection series.,active,active,berry-blueberry,"geography-chile,geography-china,geography-peru",,documented,,,2026-10-07T07:19:58.470595+00:00
ef36ff4511c8cb1b,rel-mbo-program-develops-twilight,breeding_program-mountain-blue-blueberry-breeding,Mountain Blue Blueberry Breeding Program,develops,variety-twilight,Twilight,active,Genetic / company relationship; location not established,,,2026-08-03,1,ev-berryworld-varieties,Berries - varieties,https://www.berryworld.com/en-gb/berries/varieties,Reviewed source · claims retain their own review,,2026-08-03,confidence=medium; 'Ridley' selection series.,active,unverified,berry-blueberry,"geography-chile,geography-china,geography-peru",,documented,,,2026-10-07T07:19:58.470654+00:00
ef36ff4511c8cb1b,rel-paine-schwartz-owns-costa,company-paine-schwartz-partners,Paine Schwartz Partners,owns,company-costa-group-holdings,Costa Group Holdings Pty Ltd,active,Genetic / company relationship; location not established,,2024-02-26,2026-08-04,8,ev-costa-ownership-2024,Costa Group enters new ownership phase as experienced consortium takes control,https://costagroup.com.au/2024/02/26/costa-group-enters-new-ownership-phase-as-experienced-consortium-takes-control/,Reviewed source · claims retain their own review,2024-02-26,2026-08-04,confidence=medium; Consortium member in the February 2024 take-private. Individual shareholding percentages were not disclosed in the retrieved source.,active,active,berry-blueberry,"geography-chile,geography-china,geography-peru",,documented,,,2026-10-07T07:19:58.470717+00:00
ef36ff4511c8cb1b,rel-united-exports-operates-in-chile,company-united-exports,United Exports,operates_in,geography-chile,Chile,active,Company location; not variety presence,,,2026-08-03,27,ev-united-exports-what-we-do,What We Do,https://united-exports.com/what-we-do/,Reviewed source · claims retain their own review,,2026-08-03,confidence=low; Self-reported production country list.,active,active,berry-blueberry,"geography-chile,geography-china,geography-peru",,documented,,,2026-10-07T07:19:58.470791+00:00
ef36ff4511c8cb1b,rel-united-exports-operates-in-peru,company-united-exports,United Exports,operates_in,geography-peru,Peru,active,Company location; not variety presence,,,2026-08-03,27,ev-united-exports-what-we-do,What We Do,https://united-exports.com/what-we-do/,Reviewed source · claims retain their own review,,2026-08-03,confidence=low; Self-reported production country list.,active,active,berry-blueberry,"geography-chile,geography-china,geography-peru",,documented,,,2026-10-07T07:19:58.470860+00:00
ef36ff4511c8cb1b,rel-united-exports-partners-with-nature-select,company-united-exports,United Exports,partners_with,company-nature-select,Nature Select,active,Genetic / company relationship; location not established,,,2026-08-03,21,ev-ozblu-around-the-world-2019,Around the world in thirty years,https://www.ozblu.com/news/around-the-world-in-thirty-years/,Reviewed source · claims retain their own review,2019-05-21,2026-08-03,confidence=high; Licensor and breeder respectively for the same portfolio of varieties.,active,active,berry-blueberry,"geography-chile,geography-china,geography-peru",,documented,,,2026-10-07T07:19:58.470917+00:00
ef36ff4511c8cb1b,rel-united-exports-partners-with-nature-select,company-united-exports,United Exports,partners_with,company-nature-select,Nature Select,active,Genetic / company relationship; location not established,,,2026-08-03,22,ev-ozblu-oz-varieties,OZ Varieties,https://www.ozblu.com/oz-varieties/,Reviewed source · claims retain their own review,,2026-08-03,confidence=high; Licensor and breeder respectively for the same portfolio of varieties.,active,active,berry-blueberry,"geography-chile,geography-china,geography-peru",,documented,,,2026-10-07T07:19:58.470979+00:00
ef36ff4511c8cb1b,rel-united-exports-partners-with-oz-varieties,company-united-exports,United Exports,partners_with,company-oz-varieties,OZ Varieties,active,Genetic / company relationship; location not established,Legacy role mapping · verify the source,,2026-08-03,22,ev-ozblu-oz-varieties,OZ Varieties,https://www.ozblu.com/oz-varieties/,Reviewed source · claims retain their own review,,2026-08-03,"confidence=high; OZ Varieties is described as a United Exports company. Substituted predicate: the schema has no 'parent_of' or 'subsidiary_of' predicate, so 'partners_with' is used and the parent-subsidiary nature is recorded here.",active,active,berry-blueberry,"geography-chile,geography-china,geography-peru",,documented,,,2026-10-07T07:19:58.471034+00:00
ef36ff4511c8cb1b,rel-united-exports-sells-bella,company-united-exports,United Exports,sells,variety-bella,Bella,active,Genetic / company relationship; location not established,Legacy role mapping · verify the source,,2026-08-04,35,ev-uspp026173-eb8-46,USPP026173P3 - 'EB 8-46' (OZblu Bella),https://patents.google.com/patent/USPP26173P3/en,Reviewed source · claims retain their own review,2015-12-01,2026-08-04,"confidence=medium; United Exports is described by CIOPORA as joint titleholder of the OZblu varieties from 2016 and responsible for their commercialisation. Substituted predicate: the schema has no 'commercialises' or 'markets' predicate, so 'sells' carries the route-to-market role.",active,active,berry-blueberry,"geography-chile,geography-china,geography-peru",,documented,,,2026-10-07T07:19:58.471104+00:00
ef36ff4511c8cb1b,rel-united-exports-sells-bella,company-united-exports,United Exports,sells,variety-bella,Bella,active,Genetic / company relationship; location not established,Legacy role mapping · verify the source,,2026-08-04,5,ev-ciopora-united-exports-pbr-2020,United Exports Group enforces its PBR in blueberries,https://www.ciopora.org/post/united-exports-group-enforces-its-pbr-in-blueberries-south-african-grower-in-breach-of-contract,Reviewed source · claims retain their own review,2020-11-06,2026-08-04,"confidence=medium; United Exports is described by CIOPORA as joint titleholder of the OZblu varieties from 2016 and responsible for their commercialisation. Substituted predicate: the schema has no 'commercialises' or 'markets' predicate, so 'sells' carries the route-to-market role.",active,active,berry-blueberry,"geography-chile,geography-china,geography-peru",,documented,,,2026-10-07T07:19:58.471164+00:00
ef36ff4511c8cb1b,rel-united-exports-sells-bonita,company-united-exports,United Exports,sells,variety-bonita,Bonita,active,Genetic / company relationship; location not established,Legacy role mapping · verify the source,,2026-08-04,38,ev-uspp028358-eb9-12,USPP028358P3 - 'EB 9-12' (OZblu Bonita),https://patents.google.com/patent/USPP28358P3/en,Reviewed source · claims retain their own review,2017-09-05,2026-08-04,"confidence=medium; United Exports is described by CIOPORA as joint titleholder of the OZblu varieties from 2016 and responsible for their commercialisation. Substituted predicate: the schema has no 'commercialises' or 'markets' predicate, so 'sells' carries the route-to-market role.",active,active,berry-blueberry,"geography-chile,geography-china,geography-peru",,documented,,,2026-10-07T07:19:58.471226+00:00
ef36ff4511c8cb1b,rel-united-exports-sells-bonita,company-united-exports,United Exports,sells,variety-bonita,Bonita,active,Genetic / company relationship; location not established,Legacy role mapping · verify the source,,2026-08-04,5,ev-ciopora-united-exports-pbr-2020,United Exports Group enforces its PBR in blueberries,https://www.ciopora.org/post/united-exports-group-enforces-its-pbr-in-blueberries-south-african-grower-in-breach-of-contract,Reviewed source · claims retain their own review,2020-11-06,2026-08-04,"confidence=medium; United Exports is described by CIOPORA as joint titleholder of the OZblu varieties from 2016 and responsible for their commercialisation. Substituted predicate: the schema has no 'commercialises' or 'markets' predicate, so 'sells' carries the route-to-market role.",active,active,berry-blueberry,"geography-chile,geography-china,geography-peru",,documented,,,2026-10-07T07:19:58.471283+00:00
ef36ff4511c8cb1b,rel-united-exports-sells-dina,company-united-exports,United Exports,sells,variety-dina,Dina,active,Genetic / company relationship; location not established,Legacy role mapping · verify the source,,2026-08-04,46,ev-uspp033138-ns15-13,USPP033138P3 - 'NS 15-13' (OZblu Dina),https://patents.google.com/patent/USPP33138P3/en,Reviewed source · claims retain their own review,2021-06-08,2026-08-04,"confidence=medium; United Exports is described by CIOPORA as joint titleholder of the OZblu varieties from 2016 and responsible for their commercialisation. Substituted predicate: the schema has no 'commercialises' or 'markets' predicate, so 'sells' carries the route-to-market role.",active,active,berry-blueberry,"geography-chile,geography-china,geography-peru",,documented,,,2026-10-07T07:19:58.471362+00:00
ef36ff4511c8cb1b,rel-united-exports-sells-dina,company-united-exports,United Exports,sells,variety-dina,Dina,active,Genetic / company relationship; location not established,Legacy role mapping · verify the source,,2026-08-04,5,ev-ciopora-united-exports-pbr-2020,United Exports Group enforces its PBR in blueberries,https://www.ciopora.org/post/united-exports-group-enforces-its-pbr-in-blueberries-south-african-grower-in-breach-of-contract,Reviewed source · claims retain their own review,2020-11-06,2026-08-04,"confidence=medium; United Exports is described by CIOPORA as joint titleholder of the OZblu varieties from 2016 and responsible for their commercialisation. Substituted predicate: the schema has no 'commercialises' or 'markets' predicate, so 'sells' carries the route-to-market role.",active,active,berry-blueberry,"geography-chile,geography-china,geography-peru",,documented,,,2026-10-07T07:19:58.471421+00:00
ef36ff4511c8cb1b,rel-united-exports-sells-elaina,company-united-exports,United Exports,sells,variety-elaina,Elaina,active,Genetic / company relationship; location not established,Legacy role mapping · verify the source,,2026-08-04,40,ev-uspp030934-ns13-6,USPP030934P3 - 'NS 13-6' (OZblu Elaina),https://patents.google.com/patent/USPP30934P3/en,Reviewed source · claims retain their own review,2019-10-15,2026-08-04,"confidence=medium; United Exports is described by CIOPORA as joint titleholder of the OZblu varieties from 2016 and responsible for their commercialisation. Substituted predicate: the schema has no 'commercialises' or 'markets' predicate, so 'sells' carries the route-to-market role.",active,active,berry-blueberry,"geography-chile,geography-china,geography-peru",,documented,,,2026-10-07T07:19:58.471483+00:00
ef36ff4511c8cb1b,rel-united-exports-sells-elaina,company-united-exports,United Exports,sells,variety-elaina,Elaina,active,Genetic / company relationship; location not established,Legacy role mapping · verify the source,,2026-08-04,5,ev-ciopora-united-exports-pbr-2020,United Exports Group enforces its PBR in blueberries,https://www.ciopora.org/post/united-exports-group-enforces-its-pbr-in-blueberries-south-african-grower-in-breach-of-contract,Reviewed source · claims retain their own review,2020-11-06,2026-08-04,"confidence=medium; United Exports is described by CIOPORA as joint titleholder of the OZblu varieties from 2016 and responsible for their commercialisation. Substituted predicate: the schema has no 'commercialises' or 'markets' predicate, so 'sells' carries the route-to-market role.",active,active,berry-blueberry,"geography-chile,geography-china,geography-peru",,documented,,,2026-10-07T07:19:58.471523+00:00
ef36ff4511c8cb1b,rel-united-exports-sells-julieta,company-united-exports,United Exports,sells,variety-julieta,Julieta,active,Genetic / company relationship; location not established,Legacy role mapping · verify the source,,2026-08-04,34,ev-uspp025858-eb8-42,USPP025858P3 - 'EB 8-42' (OZblu Julieta),https://patents.google.com/patent/USPP25858P3/en,Reviewed source · claims retain their own review,2015-09-08,2026-08-04,"confidence=medium; United Exports is described by CIOPORA as joint titleholder of the OZblu varieties from 2016 and responsible for their commercialisation. Substituted predicate: the schema has no 'commercialises' or 'markets' predicate, so 'sells' carries the route-to-market role.",active,active,berry-blueberry,"geography-chile,geography-china,geography-peru",,documented,,,2026-10-07T07:19:58.471566+00:00
ef36ff4511c8cb1b,rel-united-exports-sells-julieta,company-united-exports,United Exports,sells,variety-julieta,Julieta,active,Genetic / company relationship; location not established,Legacy role mapping · verify the source,,2026-08-04,5,ev-ciopora-united-exports-pbr-2020,United Exports Group enforces its PBR in blueberries,https://www.ciopora.org/post/united-exports-group-enforces-its-pbr-in-blueberries-south-african-grower-in-breach-of-contract,Reviewed source · claims retain their own review,2020-11-06,2026-08-04,"confidence=medium; United Exports is described by CIOPORA as joint titleholder of the OZblu varieties from 2016 and responsible for their commercialisation. Substituted predicate: the schema has no 'commercialises' or 'markets' predicate, so 'sells' carries the route-to-market role.",active,active,berry-blueberry,"geography-chile,geography-china,geography-peru",,documented,,,2026-10-07T07:19:58.471605+00:00
ef36ff4511c8cb1b,rel-united-exports-sells-magica,company-united-exports,United Exports,sells,variety-magica,Magica,active,Genetic / company relationship; location not established,Legacy role mapping · verify the source,,2026-08-04,37,ev-uspp028149-eb9-2,USPP028149P3 - 'EB 9-2' (OZblu Magica),https://patents.google.com/patent/USPP28149P3/en,Reviewed source · claims retain their own review,2017-07-04,2026-08-04,"confidence=medium; United Exports is described by CIOPORA as joint titleholder of the OZblu varieties from 2016 and responsible for their commercialisation. Substituted predicate: the schema has no 'commercialises' or 'markets' predicate, so 'sells' carries the route-to-market role.",active,active,berry-blueberry,"geography-chile,geography-china,geography-peru",,documented,,,2026-10-07T07:19:58.471647+00:00
ef36ff4511c8cb1b,rel-united-exports-sells-magica,company-united-exports,United Exports,sells,variety-magica,Magica,active,Genetic / company relationship; location not established,Legacy role mapping · verify the source,,2026-08-04,5,ev-ciopora-united-exports-pbr-2020,United Exports Group enforces its PBR in blueberries,https://www.ciopora.org/post/united-exports-group-enforces-its-pbr-in-blueberries-south-african-grower-in-breach-of-contract,Reviewed source · claims retain their own review,2020-11-06,2026-08-04,"confidence=medium; United Exports is described by CIOPORA as joint titleholder of the OZblu varieties from 2016 and responsible for their commercialisation. Substituted predicate: the schema has no 'commercialises' or 'markets' predicate, so 'sells' carries the route-to-market role.",active,active,berry-blueberry,"geography-chile,geography-china,geography-peru",,documented,,,2026-10-07T07:19:58.471700+00:00
ef36ff4511c8cb1b,rel-united-exports-sells-magnifica,company-united-exports,United Exports,sells,variety-magnifica,Magnifica,active,Genetic / company relationship; location not established,Legacy role mapping · verify the source,,2026-08-04,36,ev-uspp027142-eb12-19,USPP027142P3 - 'EB 12-19' (OZblu Magnifica),https://patents.google.com/patent/USPP27142P3/en,Reviewed source · claims retain their own review,2016-09-13,2026-08-04,"confidence=medium; United Exports is described by CIOPORA as joint titleholder of the OZblu varieties from 2016 and responsible for their commercialisation. Substituted predicate: the schema has no 'commercialises' or 'markets' predicate, so 'sells' carries the route-to-market role.",active,active,berry-blueberry,"geography-chile,geography-china,geography-peru",,documented,,,2026-10-07T07:19:58.471742+00:00
ef36ff4511c8cb1b,rel-united-exports-sells-magnifica,company-united-exports,United Exports,sells,variety-magnifica,Magnifica,active,Genetic / company relationship; location not established,Legacy role mapping · verify the source,,2026-08-04,5,ev-ciopora-united-exports-pbr-2020,United Exports Group enforces its PBR in blueberries,https://www.ciopora.org/post/united-exports-group-enforces-its-pbr-in-blueberries-south-african-grower-in-breach-of-contract,Reviewed source · claims retain their own review,2020-11-06,2026-08-04,"confidence=medium; United Exports is described by CIOPORA as joint titleholder of the OZblu varieties from 2016 and responsible for their commercialisation. Substituted predicate: the schema has no 'commercialises' or 'markets' predicate, so 'sells' carries the route-to-market role.",active,active,berry-blueberry,"geography-chile,geography-china,geography-peru",,documented,,,2026-10-07T07:19:58.471781+00:00
ef36ff4511c8cb1b,rel-united-exports-sells-olivia,company-united-exports,United Exports,sells,variety-olivia,Olivia,active,Genetic / company relationship; location not established,Legacy role mapping · verify the source,,2026-08-04,45,ev-uspp032897-ns16-2,USPP032897P3 - 'NS 16-2' (OZblu Olivia),https://patents.google.com/patent/USPP32897P3/en,Reviewed source · claims retain their own review,2021-03-16,2026-08-04,"confidence=medium; United Exports is described by CIOPORA as joint titleholder of the OZblu varieties from 2016 and responsible for their commercialisation. Substituted predicate: the schema has no 'commercialises' or 'markets' predicate, so 'sells' carries the route-to-market role.",active,active,berry-blueberry,"geography-chile,geography-china,geography-peru",,documented,,,2026-10-07T07:19:58.471825+00:00
ef36ff4511c8cb1b,rel-united-exports-sells-olivia,company-united-exports,United Exports,sells,variety-olivia,Olivia,active,Genetic / company relationship; location not established,Legacy role mapping · verify the source,,2026-08-04,5,ev-ciopora-united-exports-pbr-2020,United Exports Group enforces its PBR in blueberries,https://www.ciopora.org/post/united-exports-group-enforces-its-pbr-in-blueberries-south-african-grower-in-breach-of-contract,Reviewed source · claims retain their own review,2020-11-06,2026-08-04,"confidence=medium; United Exports is described by CIOPORA as joint titleholder of the OZblu varieties from 2016 and responsible for their commercialisation. Substituted predicate: the schema has no 'commercialises' or 'markets' predicate, so 'sells' carries the route-to-market role.",active,active,berry-blueberry,"geography-chile,geography-china,geography-peru",,documented,,,2026-10-07T07:19:58.471863+00:00
