evidence_id,tier,source_name,source_type,title,source_url,published_date,captured_date,entity_count,entities,facts_supported,relationships_supported,strategic_questions
ev-abb-varieties,tier-1,Advanced Berry Breeding B.V.,company_website,Advanced Berry Breeding - Varieties,https://www.abbreeding.nl/varieties/,,2026-08-04,3,"Advanced Berry Breeding B.V.; Plantas de Navarra, S.A.; Netherlands",1,1,sq-public-record-gaps; sq-global-genetics-reach
ev-abn-costa-history,tier-1,Australian Business Register,government_registry,ABN Lookup - historical details for ABN 68 151 363 129,https://abr.business.gov.au/AbnHistory/View/68151363129,,2026-08-04,2,Costa Group Holdings Pty Ltd; Australia,1,0,sq-public-record-gaps
ev-agrovision-10-years-2024,tier-1,PR Newswire (Agrovision Corp.),company_press_release,Agrovision celebrates 10 years of bringing the world a better berry,https://www.prnewswire.com/news-releases/agrovision-celebrates-10-years-of-bringing-the-world-a-better-berry-302052244.html,2024-02-05,2026-08-04,9,"Agrovision Corp. (Fruitist); Big Skye; Fruitist; Peru; SEKOYA; Fall Creek Farm & Nursery, Inc.; Mexico; Morocco; China",5,1,sq-competitor-expansion; sq-global-genetics-reach
ev-cafc-driscolls-25-1747,tier-1,United States Court of Appeals for the Federal Circuit (via Justia),court_record,"Federal Circuit order, Driscoll's Inc. v. California Berry Cultivars, No. 25-1747",https://law.justia.com/cases/federal/appellate-courts/cafc/25-1747/25-1747-2025-06-23.html,2025-06-23,2026-08-04,1,"Driscoll's, Inc.",2,0,sq-public-record-gaps
ev-cfia-blueberry-index,tier-1,Canadian Food Inspection Agency,government_registry,Plant Breeders' Rights - blueberry variety index,https://active.inspection.gc.ca/english/plaveg/pbrpov/cropreport/ble.shtml,,2026-08-04,16,"Canadian Food Inspection Agency; Driscoll's, Inc.; Berry Blue, LLC; Keepsake; Medallion; Arana; Canada; USPP024807P3; Michigan Blueberry Growers Association; USPP032574P3; DrisBlueTwentyOne; USPP032267P2; Costa Group Holdings Pty Ltd; Plantas de Navarra, S.A.; Hortifrut S.A.; Advanced Berry Breeding B.V.",5,2,sq-public-record-gaps; sq-global-genetics-reach; sq-emerging-varieties
ev-cfia-pbr-blue-ribbon,tier-1,Canadian Food Inspection Agency,plant_breeders_rights_record,Plant Breeders' Rights record - Blue Ribbon,https://active.inspection.gc.ca/english/plaveg/pbrpov/cropreport/bl/app00008762e.shtml,,2026-08-03,4,"Blue Ribbon; Fall Creek Farm & Nursery, Inc.; Fruit firmness; Eating quality",2,0,sq-premium-trait-challengers; sq-global-genetics-reach; sq-testing-candidates
ev-cfia-pbr-cargo,tier-1,Canadian Food Inspection Agency,plant_breeders_rights_record,Plant Breeders' Rights record - Cargo,https://active.inspection.gc.ca/english/plaveg/pbrpov/cropreport/bl/app00008763e.shtml,,2026-08-03,2,"Cargo; Fall Creek Farm & Nursery, Inc.",0,0,sq-premium-trait-challengers; sq-global-genetics-reach; sq-testing-candidates
ev-cfia-pbr-drisblueseventeen,tier-1,Canadian Food Inspection Agency,plant_breeders_rights_record,Canada PBR certificate 7097 - 'DrisBlueSeventeen' (Carlotta),https://active.inspection.gc.ca/english/plaveg/pbrpov/cropreport/bl/app00011322e.shtml,2024-05-03,2026-08-04,11,"DrisBlueSeventeen; Canada PBR certificate 7097; Driscoll's, Inc.; Driscoll's blueberry breeding programme; Canadian Food Inspection Agency; Fruit firmness; Fruit size; Eating quality; Portugal; Canada; United States",2,3,sq-testing-candidates; sq-repeated-trait-claims; sq-public-record-gaps
ev-cfia-pbr-drisbluetwentythree,tier-1,Canadian Food Inspection Agency,plant_breeders_rights_record,Canada PBR certificate 7211 - 'DrisBlueTwentyThree' (Rosita),https://active.inspection.gc.ca/english/plaveg/pbrpov/cropreport/bl/app00011977e.shtml,2024-11-01,2026-08-04,10,"DrisBlueTwentyThree; Canada PBR certificate 7211; Driscoll's, Inc.; Driscoll's blueberry breeding programme; Canadian Food Inspection Agency; Fruit firmness; Fruit size; Eating quality; Canada; United States",2,2,sq-testing-candidates; sq-repeated-trait-claims; sq-public-record-gaps
ev-cfia-pbr-fc11-164,tier-1,Canadian Food Inspection Agency,plant_breeders_rights_record,Plant Breeders' Rights record - Fc11 164,https://active.inspection.gc.ca/english/plaveg/pbrpov/cropreport/bl/app00012759e.shtml,,2026-08-03,5,"FC11-164; Fall Creek Farm & Nursery, Inc.; Fruit firmness; Machine-harvest suitability; Post-harvest shelf life",3,0,sq-premium-trait-challengers; sq-global-genetics-reach; sq-testing-candidates
ev-cfia-pbr-last-call,tier-1,Canadian Food Inspection Agency,plant_breeders_rights_record,Plant Breeders' Rights record - Last Call,https://active.inspection.gc.ca/english/plaveg/pbrpov/cropreport/bl/app00009081e.shtml,,2026-08-03,2,"Last Call; Fall Creek Farm & Nursery, Inc.",1,0,sq-premium-trait-challengers; sq-global-genetics-reach; sq-testing-candidates
ev-cfia-pbr-sekoya-grande,tier-1,Canadian Food Inspection Agency,plant_breeders_rights_record,Plant Breeders' Rights record - Sekoya Grande,https://active.inspection.gc.ca/english/plaveg/pbrpov/cropreport/bl/app00011182e.shtml,,2026-08-03,5,"SEKOYA Grande; Fall Creek Farm & Nursery, Inc.; Fruit firmness; Fruit size; Eating quality",2,0,sq-premium-trait-challengers; sq-global-genetics-reach; sq-testing-candidates
ev-cfia-pbr-top-shelf,tier-1,Canadian Food Inspection Agency,plant_breeders_rights_record,Plant Breeders' Rights record - Top Shelf,https://active.inspection.gc.ca/english/plaveg/pbrpov/cropreport/bl/app00008764e.shtml,,2026-08-03,4,"Top Shelf; Fall Creek Farm & Nursery, Inc.; Fruit firmness; Eating quality",1,0,sq-premium-trait-challengers; sq-global-genetics-reach; sq-testing-candidates
ev-cinven-planasa-ew-group,tier-1,Cinven,private_equity_press_release,Cinven and Label Investments to sell Planasa to EW Group,https://www.cinven.com/news-insights/cinven-and-label-investments-to-sell-planasa-to-ew-group/,,2026-08-04,6,"Plantas de Navarra, S.A.; Cinven; EW Group; Advanced Berry Breeding B.V.; Germany; Netherlands",2,5,sq-competitor-expansion; sq-global-genetics-reach
ev-ciopora-united-exports-pbr-2020,tier-1,CIOPORA,industry_association_report,United Exports Group enforces its PBR in blueberries,https://www.ciopora.org/post/united-exports-group-enforces-its-pbr-in-blueberries-south-african-grower-in-breach-of-contract,2020-11-06,2026-08-04,14,United Exports; CIOPORA; OZblu; South Africa; Netherlands; Australia; Julieta; Bella; Magica; Bonita; Magnifica; Elaina; Dina; Olivia,3,8,sq-global-genetics-reach; sq-public-record-gaps
ev-costa-african-blue-2023,tier-1,Costa Group Holdings Pty Ltd,company_press_release,African Blue broadens supply,https://costagroup.com.au/2023/04/03/african-blue-broadens-supply/,2023-04-03,2026-08-04,6,African Blue; Costa Group Holdings Pty Ltd; Arana; Costa Variety Improvement Program; Morocco; Zimbabwe,1,6,sq-genetics-geographic-spread; sq-competitor-expansion
ev-costa-heaviest-blueberry-2024,tier-1,Costa Group Holdings Pty Ltd,company_press_release,World's heaviest blueberry,https://costagroup.com.au/2024/03/12/worlds-heaviest-blueberry/,2024-03-12,2026-08-04,5,Eterna; Costa Group Holdings Pty Ltd; Costa Variety Improvement Program; Fruit size; Australia,2,1,sq-premium-trait-challengers; sq-emerging-varieties
ev-costa-ownership-2024,tier-1,Costa Group Holdings Pty Ltd,company_press_release,Costa Group enters new ownership phase as experienced consortium takes control,https://costagroup.com.au/2024/02/26/costa-group-enters-new-ownership-phase-as-experienced-consortium-takes-control/,2024-02-26,2026-08-04,5,"Costa Group Holdings Pty Ltd; Driscoll's, Inc.; Paine Schwartz Partners; British Columbia Investment Management Corporation; Australia",1,3,sq-competitor-expansion; sq-global-genetics-reach
ev-costa-vip,tier-1,Costa Group Holdings Pty Ltd,company_website,Costa - Variety Improvement Program,https://costagroup.com.au/our-categories/berries-international/variety-improvement-program/,,2026-08-04,5,Costa Group Holdings Pty Ltd; Costa Variety Improvement Program; Australia; Morocco; China,3,2,sq-global-genetics-reach; sq-emerging-varieties; sq-competitor-expansion
ev-driscolls-cbc-appeal-2025,tier-1,"Business Wire (Driscoll's, Inc.)",company_press_release,Driscoll's files appeal in strawberry patent case,https://www.businesswire.com/news/home/20250514403283/en/Driscolls-Files-Appeal-in-Strawberry-Patent-Case,2025-05-14,2026-08-04,2,"Driscoll's, Inc.; United States",2,1,sq-global-genetics-reach; sq-competitor-expansion
ev-eureka-blueberries-our-story,tier-1,Eureka Blueberries,brand_website,Our Story,https://www.eurekablueberries.com.au/our-story,,2026-08-03,4,Eureka; Coles Supermarkets; Mountain Blue Orchards Pty Ltd; Australia,1,1,sq-global-genetics-reach
ev-fall-creek-commercial-platforms-2026,tier-1,Fall Creek Catalogs,company_website,Commercial Platforms,https://fallcreekcatalogs.com/commercial-platforms/,2026-01-29,2026-08-03,3,"Fall Creek Farm & Nursery, Inc.; SEKOYA; Fall Creek Collection",3,2,sq-global-genetics-reach; sq-competitor-expansion
ev-fall-creek-our-history,tier-1,Fall Creek Farm & Nursery,company_website,Our History,https://www.fallcreeknursery.com/about/about-fall-creek/our-history,,2026-08-03,2,"Fall Creek Farm & Nursery, Inc.; United States",1,1,sq-global-genetics-reach
ev-fallcreek-catalog-blue-ribbon,tier-1,Fall Creek Catalogs,company_catalog,Blue Ribbon,https://fallcreekcatalogs.com/2025/01/23/blue-ribbon/,2025-01-23,2026-08-03,3,"Blue Ribbon; Fall Creek Farm & Nursery, Inc.; Post-harvest shelf life",1,0,sq-premium-trait-challengers; sq-repeated-trait-claims
ev-fallcreek-catalog-last-call,tier-1,Fall Creek Catalogs,company_catalog,Last Call,https://fallcreekcatalogs.com/2025/01/23/last-call/,2025-01-23,2026-08-03,3,"Last Call; Fall Creek Farm & Nursery, Inc.; Post-harvest shelf life",1,0,sq-premium-trait-challengers; sq-repeated-trait-claims
ev-fallcreek-catalog-sekoya-beauty,tier-1,Fall Creek Catalogs,company_catalog,SEKOYA® Beauty™ 'FCM12-097',https://fallcreekcatalogs.com/2025/01/23/sekoya-beauty-fcm12-097/,2025-01-23,2026-08-03,3,"SEKOYA Beauty; Fall Creek Farm & Nursery, Inc.; Post-harvest shelf life",1,0,sq-premium-trait-challengers; sq-repeated-trait-claims
ev-fallcreek-catalog-sekoya-fiesta,tier-1,Fall Creek Catalogs,company_catalog,SEKOYA® Fiesta™ 'FC13-113',https://fallcreekcatalogs.com/2025/01/23/sekoya-fiesta-fc13-113/,2025-01-23,2026-08-03,3,"SEKOYA Fiesta; Fall Creek Farm & Nursery, Inc.; Post-harvest shelf life",1,0,sq-premium-trait-challengers; sq-repeated-trait-claims
ev-fallcreek-catalog-sekoya-grande,tier-1,Fall Creek Catalogs,company_catalog,SEKOYA® Grande™ 'FC13-122',https://fallcreekcatalogs.com/2025/01/23/sekoya-grandetm-fc13-122/,2025-01-23,2026-08-03,3,"SEKOYA Grande; Fall Creek Farm & Nursery, Inc.; Post-harvest shelf life",1,0,sq-premium-trait-challengers; sq-repeated-trait-claims
ev-fallcreek-catalog-sekoya-pop,tier-1,Fall Creek Catalogs,company_catalog,SEKOYA® Pop™ 'FCM14-052',https://fallcreekcatalogs.com/2025/01/23/sekoya-pop-fcm14-052/,2025-01-23,2026-08-03,3,"SEKOYA Pop; Fall Creek Farm & Nursery, Inc.; Post-harvest shelf life",1,0,sq-premium-trait-challengers; sq-repeated-trait-claims
ev-fallcreek-catalog-top-shelf,tier-1,Fall Creek Catalogs,company_catalog,Top Shelf,https://fallcreekcatalogs.com/2025/01/23/top-shelf/,2025-01-23,2026-08-03,4,"Top Shelf; Fall Creek Farm & Nursery, Inc.; Post-harvest shelf life; Disease susceptibility",2,0,sq-premium-trait-challengers; sq-repeated-trait-claims
ev-ffsp-emerald,tier-1,"Florida Foundation Seed Producers, Inc.",licensing_body_website,Florida Foundation Seed Producers variety page - Emerald,https://ffsp.net/varieties/blueberry/emerald/,,2026-08-03,4,"Emerald; Florida Foundation Seed Producers, Inc.; University of Florida; Disease susceptibility",1,0,sq-global-genetics-reach; sq-genetics-geographic-spread; sq-public-record-gaps
ev-ffsp-farthing,tier-1,"Florida Foundation Seed Producers, Inc.",licensing_body_website,Florida Foundation Seed Producers variety page - Farthing,https://ffsp.net/varieties/blueberry/farthing/,,2026-08-03,4,"Farthing; Florida Foundation Seed Producers, Inc.; University of Florida; Chilling requirement",1,0,sq-global-genetics-reach; sq-genetics-geographic-spread; sq-public-record-gaps
ev-ffsp-jewel,tier-1,"Florida Foundation Seed Producers, Inc.",licensing_body_website,Florida Foundation Seed Producers variety page - Jewel,https://ffsp.net/varieties/blueberry/jewel/,,2026-08-03,4,"Jewel; Florida Foundation Seed Producers, Inc.; University of Florida; USPP011807P2 - Jewel 'FL92-176'",1,0,sq-global-genetics-reach; sq-genetics-geographic-spread; sq-public-record-gaps
ev-ffsp-optimus,tier-1,"Florida Foundation Seed Producers, Inc.",licensing_body_website,Florida Foundation Seed Producers variety page - Optimus,https://ffsp.net/varieties/blueberry/optimus/,,2026-08-03,6,"Optimus; Florida Foundation Seed Producers, Inc.; University of Florida; Fruit firmness; Fruit size; Chilling requirement",2,0,sq-global-genetics-reach; sq-genetics-geographic-spread; sq-public-record-gaps
ev-freshuelva-atlantic-blue,tier-1,Freshuelva,industry_association_profile,Atlantic Blue S.L. - member profile,https://freshuelva.es/en/atlantic-blue-s-l-2/,,2026-08-04,2,Atlantic Blue / Royal Berries blueberry breeding programme; Spain,1,0,sq-global-genetics-reach
ev-fruitist-brands,tier-1,Fruitist (Agrovision Corp.),brand_website,Fruitist - Our brands,https://www.fruitist.com/our-brands,,2026-08-04,4,Fruitist; Agrovision Corp. (Fruitist); Big Skye; China,1,1,sq-public-record-gaps; sq-premium-trait-challengers
ev-hortifrut-annual-report-2020,tier-1,Hortifrut S.A.,company_annual_report,Hortifrut Annual Report 2020,https://investor.hortifrut.com/wp-content/uploads/2021/07/annual-report-hortifrut-2020.pdf,2021-07-01,2026-08-04,2,Hortifrut S.A.; Chile,1,1,sq-competitor-expansion
ev-hortifrut-genetic-development,tier-1,Hortifrut S.A.,company_website,Hortifrut - Genetic Development,https://www.hortifrut.com/innovation/genetic-development/,,2026-08-04,13,"Hortifrut S.A.; Berry Blue, LLC; Michigan Blueberry Growers Association; Berry Blue blueberry breeding programme; Atlantic Blue / Royal Berries blueberry breeding programme; Keepsake; Medallion; Chile; Peru; Mexico; China; United States; Mountain Blue Orchards Pty Ltd",6,8,sq-global-genetics-reach; sq-competitor-expansion; sq-genetics-geographic-spread
ev-hortifrut-integrated-report-2023,tier-1,Hortifrut S.A.,company_annual_report,Hortifrut Integrated Annual Report 2023 (English),https://investor.hortifrut.com/wp-content/uploads/2024/07/MEMORIA-INTEGRADA-HF-2023_ENGLISH.pdf,2024-07-01,2026-08-04,2,Hortifrut S.A.; Canada,2,0,sq-competitor-expansion
ev-hortifrut-investor-company,tier-1,Hortifrut S.A.,company_website,Hortifrut - Company (investor site),https://investor.hortifrut.com/en/company/,,2026-08-04,6,Hortifrut S.A.; Michigan Blueberry Growers Association; Naturipe Farms; Chile; Colombia; Portugal,3,3,sq-competitor-expansion; sq-genetics-geographic-spread
ev-hortifrut-mbo-genetics-2026,tier-1,Hortifrut S.A.,company_press_release,Naturipe Farms and Hortifrut expand berry genetics platform with Mountain Blue,https://www.hortifrut.com/naturipe-farms-and-hortifrut-expand-one-of-the-worlds-broadest-berry-geneticsplatforms-to-deliver-the-next-generation-of-premium-berriesnaturipe-farms-and-hortifrut-expand-one-of-the-world/,2026-07-30,2026-08-04,7,Hortifrut S.A.; Naturipe Farms; Mountain Blue Orchards Pty Ltd; United States; Mexico; Peru; Michigan Blueberry Growers Association,2,2,sq-global-genetics-reach; sq-competitor-expansion; sq-genetics-geographic-spread
ev-ifc-united-exports-2019,tier-1,International Finance Corporation,development_finance_press_release,"IFC, FMO and IFU Help South Africa's Leading Blueberry Producer Expand",https://www.ifc.org/en/pressroom/2019/ifc-fmo-and-ifu-help-south-africas-leading-blueberry-producer-in,2019-01-29,2026-08-03,2,United Exports; South Africa,1,1,sq-competitor-expansion; sq-genetics-geographic-spread
ev-ipaustralia-pvj-33-4,tier-1,IP Australia,government_registry,"Plant Varieties Journal, Volume 33 Number 4",https://www.ipaustralia.gov.au/tools-and-research/professional-resources/ip-rights-journals/~/-/media/Project/IPA/IPAustralia/PDF/PBR-Journals/Volume-33-Number-4.pdf?rev=a440897af4f5455e9ca3eb491a170803,,2026-08-04,4,"IP Australia; Driscoll's, Inc.; Australia; Hortifrut S.A.",1,2,sq-public-record-gaps; sq-genetics-geographic-spread
ev-mbg-berry-blue-varieties,tier-1,MBG Marketing (Michigan Blueberry Growers),company_website,"Proprietary berry varieties - Berry Blue, LLC",https://www.blueberries.com/proprietary-berry-varieties-berry-blue-llc/,,2026-08-04,8,"Michigan Blueberry Growers Association; Berry Blue, LLC; Berry Blue blueberry breeding programme; Keepsake; Medallion; USPP024807P3; USPP032574P3; Hortifrut S.A.",4,6,sq-global-genetics-reach; sq-emerging-varieties; sq-public-record-gaps
ev-mbo-eureka-blueberries,tier-1,Mountain Blue,company_website,Eureka Blueberries,https://www.mountainblue.com.au/eureka-blueberries,,2026-08-03,6,Mountain Blue Orchards Pty Ltd; Eureka; Eureka; Fruit firmness; Eureka Sunrise; Eating quality,3,1,sq-premium-trait-challengers; sq-public-record-gaps
ev-mbo-history,tier-1,Mountain Blue,company_website,History,https://www.mountainblue.com.au/history,,2026-08-03,1,Mountain Blue Orchards Pty Ltd,1,0,sq-public-record-gaps
ev-mbo-home,tier-1,Mountain Blue,company_website,Mountain Blue home page,https://www.mountainblue.com.au/,,2026-08-03,2,Mountain Blue Orchards Pty Ltd; Australia,2,1,sq-global-genetics-reach; sq-public-record-gaps
ev-nda-za-variety-list-2025,tier-1,South African Department of Agriculture,government_registry,Berries South Africa blueberry variety list 2025,https://www.nda.gov.za/images/Branches/AgricProducHealthFoodSafety/food-safety-and-quality-assurance/export-regulations-and-standards/other-minor-fruits-/berriesza-variety-list-2025.pdf,2025-01-01,2026-08-03,12,"South Africa; SEKOYA Beauty; SEKOYA Pop; SEKOYA Grande; SEKOYA Crunch; SEKOYA Fiesta; Eureka; Eureka Sunrise; Twilight; SEKOYA; Fall Creek Farm & Nursery, Inc.; Mountain Blue Orchards Pty Ltd",7,0,sq-global-genetics-reach; sq-genetics-geographic-spread; sq-public-record-gaps
ev-ozblu-around-the-world-2019,tier-1,OZblu,company_website,Around the world in thirty years,https://www.ozblu.com/news/around-the-world-in-thirty-years/,2019-05-21,2026-08-03,7,Nature Select; United Exports; OZblu; Nature Select Blueberry Breeding Program; Australia; Mountain Blue Orchards Pty Ltd; Mountain Blue Blueberry Breeding Program,2,3,sq-global-genetics-reach; sq-public-record-gaps
ev-ozblu-migiva-2019,tier-1,OZblu,company_press_release,MIGIVA Group to invest US$32 million in OZblu production in North America,https://www.ozblu.com/news/migiva-group-to-invest-u32-million-as-they-embark-an-ozblu-production-in-north-america/,2019-03-25,2026-08-03,3,United Exports; OZblu; United States,1,1,sq-competitor-expansion; sq-genetics-geographic-spread
ev-ozblu-oz-varieties,tier-1,OZblu,company_website,OZ Varieties,https://www.ozblu.com/oz-varieties/,,2026-08-03,4,OZ Varieties; United Exports; OZblu; Nature Select,1,5,sq-global-genetics-reach
ev-ozblu-where-we-grow-2024,tier-1,OZblu,company_website,Where We Grow,https://www.ozblu.com/our-story/where-we-grow/,2024-11-05,2026-08-03,3,OZblu; United Exports; Nature Select,1,0,sq-global-genetics-reach; sq-public-record-gaps
ev-planasa-about-us,tier-1,"Plantas de Navarra, S.A. (Planasa)",company_website,Planasa - About us,https://planasa.com/about-us/,,2026-08-04,3,"Plantas de Navarra, S.A.; Planasa blueberry breeding programme; Spain",1,1,sq-global-genetics-reach; sq-competitor-expansion
ev-planasa-blue-maldiva,tier-1,"Plantas de Navarra, S.A. (Planasa)",company_website,Planasa - Blueberry Blue Maldiva,https://planasa.com/variety/blueberry-blue-maldiva/,,2026-08-04,6,"Blue Maldiva; Plantas de Navarra, S.A.; Planasa blueberry breeding programme; Soluble solids content; Yield; Fruit size",1,1,sq-premium-trait-challengers; sq-testing-candidates; sq-repeated-trait-claims
ev-planasa-blue-manila-datasheet,tier-1,"Plantas de Navarra, S.A. (Planasa)",company_technical_datasheet,Planasa Blue Manila data sheet (BL-1545),https://planasa.com/wp-content/uploads/data-sheet/bl-1545_en.pdf,,2026-08-04,10,"Blue Manila; Plantas de Navarra, S.A.; Planasa blueberry breeding programme; Soluble solids content; Yield; Fruit size; Post-harvest shelf life; Morocco; Spain; USPP031345P2",3,2,sq-repeated-trait-claims; sq-premium-trait-challengers; sq-testing-candidates
ev-planasa-blue-manila-page,tier-1,"Plantas de Navarra, S.A. (Planasa)",company_website,Planasa - Blueberry Blue Manila,https://planasa.com/variety/blueberry-bluemanila/,,2026-08-04,6,"Blue Manila; Plantas de Navarra, S.A.; Planasa blueberry breeding programme; Soluble solids content; Yield; Fruit size",1,1,sq-repeated-trait-claims; sq-premium-trait-challengers
ev-produce-report-sekoya-nova-2026,tier-1,Produce Report (carrying a Fall Creek press release),company_press_release,Fall Creek To Reveal New Sekoya Nova 'FC15-173' High-Chill Blueberry Variety,https://www.producereport.com/article/press-release-fall-creek-reveal-new-sekoya-nova-fc15-173-high-chill-blueberry-variety,2026-02-03,2026-08-03,6,"SEKOYA Nova; SEKOYA; Fall Creek Farm & Nursery, Inc.; Post-harvest shelf life; Fruit size; Fall Creek Blueberry Breeding Program",3,3,sq-emerging-varieties; sq-premium-trait-challengers; sq-repeated-trait-claims; sq-testing-candidates
ev-sekoya-story,tier-1,SEKOYA,company_website,Story,https://sekoyafruit.com/story/,,2026-08-03,9,"SEKOYA; Fall Creek Farm & Nursery, Inc.; SEKOYA Beauty; SEKOYA Pop; SEKOYA Grande; SEKOYA Crunch; SEKOYA Fiesta; Mexico; Fall Creek Blueberry Breeding Program",6,11,sq-global-genetics-reach; sq-public-record-gaps
ev-topfruit-megacrisp,tier-1,TopFruit,company_website,TopFruit - MegaCrisp,https://www.topfruit.co.za/fruit/megacrisp/,,2026-08-04,4,IQ Berries; TopFruit; South Africa; Australia,1,3,sq-global-genetics-reach; sq-public-record-gaps
ev-uaex-blueberry-trial-2024,tier-1,University of Arkansas Division of Agriculture,university_trial_report,2024 blueberry variety trial,https://www.uaex.uada.edu/farm-ranch/crops-commercial-horticulture/horticulture/ar-fruit-veg-nut-update-blog/posts/2024-blueberry-variety-trial.aspx,,2026-08-04,6,University of Arkansas Division of Agriculture; Soluble solids content; Titratable acidity; Yield; United States; Blueberry,2,2,sq-repeated-trait-claims; sq-testing-candidates; sq-public-record-gaps
ev-uf-breeding-colossus,tier-1,University of Florida blueberry breeding programme,research_program_publication,UF blueberry breeding programme cultivar page - Colossus,https://www.blueberrybreeding.com/colossus,,2026-08-03,8,Colossus; University of Florida; UF/IFAS Blueberry Breeding Program; Fruit firmness; Fruit size; Eating quality; Yield; Machine-harvest suitability,3,2,sq-premium-trait-challengers; sq-testing-candidates; sq-repeated-trait-claims
ev-uf-breeding-emerald,tier-1,University of Florida blueberry breeding programme,research_program_publication,UF blueberry breeding programme cultivar page - Emerald,https://www.blueberrybreeding.com/emerald,,2026-08-03,6,Emerald; University of Florida; UF/IFAS Blueberry Breeding Program; Fruit firmness; Fruit size; Eating quality,1,2,sq-premium-trait-challengers; sq-testing-candidates; sq-repeated-trait-claims
ev-uf-breeding-farthing,tier-1,University of Florida blueberry breeding programme,research_program_publication,UF blueberry breeding programme cultivar page - Farthing,https://www.blueberrybreeding.com/farthing,,2026-08-03,6,Farthing; University of Florida; UF/IFAS Blueberry Breeding Program; Fruit firmness; Fruit size; Eating quality,1,2,sq-premium-trait-challengers; sq-testing-candidates; sq-repeated-trait-claims
ev-uf-breeding-jewel,tier-1,University of Florida blueberry breeding programme,research_program_publication,UF blueberry breeding programme cultivar page - Jewel,https://www.blueberrybreeding.com/jewel,,2026-08-03,6,Jewel; University of Florida; UF/IFAS Blueberry Breeding Program; Fruit firmness; Fruit size; Eating quality,2,2,sq-premium-trait-challengers; sq-testing-candidates; sq-repeated-trait-claims
ev-uf-breeding-meadowlark,tier-1,University of Florida blueberry breeding programme,research_program_publication,UF blueberry breeding programme cultivar page - Meadowlark,https://www.blueberrybreeding.com/meadowlark-fl01-173,,2026-08-03,8,Meadowlark; University of Florida; UF/IFAS Blueberry Breeding Program; Fruit firmness; Fruit size; Eating quality; Disease susceptibility; Machine-harvest suitability,2,2,sq-premium-trait-challengers; sq-testing-candidates; sq-repeated-trait-claims
ev-uf-breeding-optimus,tier-1,University of Florida blueberry breeding programme,research_program_publication,UF blueberry breeding programme cultivar page - Optimus,https://www.blueberrybreeding.com/optimus,,2026-08-03,8,"Optimus; University of Florida; UF/IFAS Blueberry Breeding Program; Fruit firmness; Fruit size; Eating quality; Yield; Florida Foundation Seed Producers, Inc.",3,2,sq-premium-trait-challengers; sq-testing-candidates; sq-repeated-trait-claims
ev-uf-breeding-patrecia,tier-1,University of Florida blueberry breeding programme,research_program_publication,UF blueberry breeding programme cultivar page - Patrecia,https://www.blueberrybreeding.com/patrecia,,2026-08-03,8,Patrecia; University of Florida; UF/IFAS Blueberry Breeding Program; Fruit firmness; Fruit size; Eating quality; Machine-harvest suitability; USPP027740P2 - Patrecia,3,2,sq-premium-trait-challengers; sq-testing-candidates; sq-repeated-trait-claims
ev-uf-breeding-sentinel,tier-1,University of Florida blueberry breeding programme,research_program_publication,UF blueberry breeding programme cultivar page - Sentinel,https://www.blueberrybreeding.com/sentinel,,2026-08-03,9,Sentinel; University of Florida; UF/IFAS Blueberry Breeding Program; Fruit firmness; Fruit size; Eating quality; Yield; Emerald; Machine-harvest suitability,4,2,sq-premium-trait-challengers; sq-testing-candidates; sq-repeated-trait-claims
ev-uf-ifas-hs1245,tier-1,UF/IFAS Extension,extension_publication,Blueberry Cultivars for Florida (HS1245),https://ask.ifas.ufl.edu/publication/HS1245,,2026-08-03,14,"University of Florida; Florida Foundation Seed Producers, Inc.; UF/IFAS Blueberry Breeding Program; Meadowlark; Sentinel; Machine-harvest suitability; Patrecia; USPP027740P2 - Patrecia; Emerald; Jewel; Farthing; Optimus; Colossus; United States",6,18,sq-global-genetics-reach; sq-public-record-gaps
ev-united-exports-overview,tier-1,United Exports,company_website,Overview,https://united-exports.com/overview/,,2026-08-03,1,United Exports,1,0,sq-global-genetics-reach
ev-united-exports-what-we-do,tier-1,United Exports,company_website,What We Do,https://united-exports.com/what-we-do/,,2026-08-03,10,United Exports; OZblu; South Africa; Australia; United States; Chile; Peru; Mexico; Spain; Zambia,1,6,sq-genetics-geographic-spread; sq-global-genetics-reach
ev-uspp024636-blue-ribbon,tier-1,United States Patent and Trademark Office plant patent record,patent_record,USPP024636P3 - Blue Ribbon,https://www.lens.org/lens/patent/191-850-593-909-815,,2026-08-03,5,"Blue Ribbon; USPP024636P3 - Blue Ribbon; Fall Creek Farm & Nursery, Inc.; Chilling requirement; Fall Creek Blueberry Breeding Program",2,3,sq-global-genetics-reach; sq-public-record-gaps
ev-uspp024661-cargo,tier-1,United States Patent and Trademark Office plant patent record,patent_record,USPP024661P3 - Cargo,https://patents.google.com/patent/USPP24661P3/en,,2026-08-03,6,"Cargo; USPP024661P3 - Cargo; Fall Creek Farm & Nursery, Inc.; Chilling requirement; Machine-harvest suitability; Fall Creek Blueberry Breeding Program",2,3,sq-global-genetics-reach; sq-public-record-gaps
ev-uspp024697-top-shelf,tier-1,United States Patent and Trademark Office plant patent record,patent_record,USPP024697P3 - Top Shelf,https://patents.google.com/patent/USPP24697P3/en,,2026-08-03,5,"Top Shelf; USPP024697P3 - Top Shelf; Fall Creek Farm & Nursery, Inc.; Chilling requirement; Fall Creek Blueberry Breeding Program",2,3,sq-global-genetics-reach; sq-public-record-gaps
ev-uspp025358-aglaonema,tier-1,United States Patent and Trademark Office,patent_record,USPP025358P3 - Aglaonema plant named 'KKAG201303',https://patents.google.com/patent/USPP25358P3/en,2015-03-17,2026-08-04,3,USPP025358P3; USPP028358P3; Bonita,2,0,sq-public-record-gaps
ev-uspp025386-last-call,tier-1,United States Patent and Trademark Office plant patent record,patent_record,USPP025386P3 - Last Call,https://patents.google.com/patent/USPP25386P3/en,,2026-08-03,6,"Last Call; USPP025386P3 - Last Call; Fall Creek Farm & Nursery, Inc.; Chilling requirement; Fruit firmness; Fall Creek Blueberry Breeding Program",2,3,sq-global-genetics-reach; sq-public-record-gaps
ev-uspp025432-ridley-1403,tier-1,United States Patent and Trademark Office,patent_record,USPP025432P3 - 'Ridley 1403',https://patents.google.com/patent/USPP25432P3/en,2012-11-13,2026-08-03,7,Eureka; USPP025432P3 - 'Ridley 1403'; Mountain Blue Orchards Pty Ltd; Fruit firmness; Fruit size; Eating quality; Mountain Blue Blueberry Breeding Program,3,3,sq-premium-trait-challengers; sq-global-genetics-reach; sq-public-record-gaps
ev-uspp025858-eb8-42,tier-1,United States Patent and Trademark Office,patent_record,USPP025858P3 - 'EB 8-42' (OZblu Julieta),https://patents.google.com/patent/USPP25858P3/en,2015-09-08,2026-08-04,8,USPP025858P3; Julieta; OZblu; United Exports; Bisa Trading Pty Ltd; Prunus Persica Pty Ltd; Next Progeny Pty Ltd; Australia,3,6,sq-global-genetics-reach; sq-emerging-varieties; sq-public-record-gaps
ev-uspp026173-eb8-46,tier-1,United States Patent and Trademark Office,patent_record,USPP026173P3 - 'EB 8-46' (OZblu Bella),https://patents.google.com/patent/USPP26173P3/en,2015-12-01,2026-08-04,6,USPP026173P3; Bella; OZblu; United Exports; Bisa Trading Pty Ltd; Prunus Persica Pty Ltd,1,3,sq-global-genetics-reach; sq-emerging-varieties; sq-public-record-gaps
ev-uspp027142-eb12-19,tier-1,United States Patent and Trademark Office,patent_record,USPP027142P3 - 'EB 12-19' (OZblu Magnifica),https://patents.google.com/patent/USPP27142P3/en,2016-09-13,2026-08-04,8,USPP027142P3; Magnifica; OZblu; United Exports; Bisa Trading Pty Ltd; Prunus Persica Pty Ltd; USPP025859P3; Next Progeny Pty Ltd,2,3,sq-global-genetics-reach; sq-emerging-varieties; sq-public-record-gaps
ev-uspp028149-eb9-2,tier-1,United States Patent and Trademark Office,patent_record,USPP028149P3 - 'EB 9-2' (OZblu Magica),https://patents.google.com/patent/USPP28149P3/en,2017-07-04,2026-08-04,6,USPP028149P3; Magica; OZblu; United Exports; Bisa Trading Pty Ltd; Prunus Persica Pty Ltd,1,3,sq-global-genetics-reach; sq-emerging-varieties; sq-public-record-gaps
ev-uspp028358-eb9-12,tier-1,United States Patent and Trademark Office,patent_record,USPP028358P3 - 'EB 9-12' (OZblu Bonita),https://patents.google.com/patent/USPP28358P3/en,2017-09-05,2026-08-04,7,USPP028358P3; Bonita; OZblu; United Exports; Bisa Trading Pty Ltd; Prunus Persica Pty Ltd; USPP025358P3,3,3,sq-global-genetics-reach; sq-emerging-varieties; sq-public-record-gaps
ev-uspp028437-sekoya-beauty,tier-1,United States Patent and Trademark Office plant patent record,patent_record,USPP028437P3 - SEKOYA Beauty 'FCM12-097',https://www.lens.org/lens/patent/004-752-018-959-306,,2026-08-03,4,"SEKOYA Beauty; USPP028437P3 - SEKOYA Beauty 'FCM12-097'; Fall Creek Farm & Nursery, Inc.; Fall Creek Blueberry Breeding Program",1,3,sq-global-genetics-reach; sq-public-record-gaps
ev-uspp030934-ns13-6,tier-1,United States Patent and Trademark Office,patent_record,USPP030934P3 - 'NS 13-6' (OZblu Elaina),https://patents.google.com/patent/USPP30934P3/en,2019-10-15,2026-08-04,8,USPP030934P3; Elaina; OZblu; United Exports; Next Progeny Pty Ltd; Bisa Trading Pty Ltd; Prunus Persica Pty Ltd; Australia,2,5,sq-global-genetics-reach; sq-emerging-varieties; sq-public-record-gaps
ev-uspp031345-plablue-1545,tier-1,United States Patent and Trademark Office,patent_record,USPP031345P2 - 'Plablue 1545' (Blue Manila),https://patents.google.com/patent/USPP31345P2/en,2020-01-14,2026-08-04,5,"USPP031345P2; Blue Manila; Plantas de Navarra, S.A.; Planasa blueberry breeding programme; Spain",1,3,sq-emerging-varieties; sq-public-record-gaps
ev-uspp031605-ridley-1602,tier-1,United States Patent and Trademark Office,patent_record,USPP031605P3 - 'Ridley 1602' (Eureka Sunrise),https://patents.google.com/patent/USPP31605P3/en,2020-03-31,2026-08-03,5,Eureka Sunrise; USPP031605P3 - 'Ridley 1602' (Eureka Sunrise); Mountain Blue Orchards Pty Ltd; Eureka; Mountain Blue Blueberry Breeding Program,1,3,sq-global-genetics-reach; sq-emerging-varieties
ev-uspp031822-sekoya-grande,tier-1,United States Patent and Trademark Office plant patent record,patent_record,USPP031822P3 - SEKOYA Grande 'FC13-122',https://www.lens.org/lens/patent/139-742-711-781-653,,2026-08-03,4,"SEKOYA Grande; USPP031822P3 - SEKOYA Grande 'FC13-122'; Fall Creek Farm & Nursery, Inc.; Fall Creek Blueberry Breeding Program",1,3,sq-global-genetics-reach; sq-public-record-gaps
ev-uspp032186-sekoya-pop,tier-1,United States Patent and Trademark Office plant patent record,patent_record,USPP032186P3 - SEKOYA Pop 'FCM14-052',https://www.lens.org/lens/patent/023-656-990-841-841,,2026-08-03,4,"SEKOYA Pop; USPP032186P3 - SEKOYA Pop 'FCM14-052'; Fall Creek Farm & Nursery, Inc.; Fall Creek Blueberry Breeding Program",1,3,sq-global-genetics-reach; sq-public-record-gaps
ev-uspp032267-drisbluetwentyone,tier-1,United States Patent and Trademark Office,patent_record,USPP032267P2 - 'DrisBlueTwentyOne' (Kimberley),https://patents.google.com/patent/USPP32267P2/en,2020-10-06,2026-08-04,4,"DrisBlueTwentyOne; USPP032267P2; Driscoll's, Inc.; Driscoll's blueberry breeding programme",1,2,sq-emerging-varieties; sq-global-genetics-reach
ev-uspp032897-ns16-2,tier-1,United States Patent and Trademark Office,patent_record,USPP032897P3 - 'NS 16-2' (OZblu Olivia),https://patents.google.com/patent/USPP32897P3/en,2021-03-16,2026-08-04,7,USPP032897P3; Olivia; OZblu; United Exports; Next Progeny Pty Ltd; USPP028334P3; USPP028357P3,2,2,sq-global-genetics-reach; sq-emerging-varieties; sq-public-record-gaps
ev-uspp033138-ns15-13,tier-1,United States Patent and Trademark Office,patent_record,USPP033138P3 - 'NS 15-13' (OZblu Dina),https://patents.google.com/patent/USPP33138P3/en,2021-06-08,2026-08-04,8,USPP033138P3; Dina; OZblu; United Exports; Next Progeny Pty Ltd; USPP028334P3; Bisa Trading Pty Ltd; Prunus Persica Pty Ltd,2,2,sq-global-genetics-reach; sq-emerging-varieties; sq-public-record-gaps
ev-uspp034903-fc11-164,tier-1,United States Patent and Trademark Office plant patent record,patent_record,USPP034903P2 - 'FC11-164',https://patents.google.com/patent/USPP34903P2/en,,2026-08-03,4,"FC11-164; USPP034903P2 - 'FC11-164'; Fall Creek Farm & Nursery, Inc.; Fall Creek Blueberry Breeding Program",1,3,sq-global-genetics-reach; sq-public-record-gaps
ev-abc-chellew-judgment-2019,tier-2,ABC News (Australia),news_media,Federal Court decision on blueberry case a wake-up call,https://www.abc.net.au/news/2019-11-08/federal-court-decision-on-blueberry-case-a-wake-up-call/11685158,2019-11-08,2026-08-03,4,Mountain Blue Orchards Pty Ltd; Opi; Australia; Eureka,2,0,sq-global-genetics-reach; sq-public-record-gaps
ev-agfunder-fruitist-rebrand,tier-2,AgFunderNews,trade_press,Agrovision rebrands as Fruitist after reaching $400m sales in 2024,https://agfundernews.com/in-progress-agrovision-rebrands-as-fruitist-notched-up-sales-of-400m-in-2024-after-meteoric-growth,,2026-08-04,2,Agrovision Corp. (Fruitist); Fruitist,2,1,sq-competitor-expansion; sq-premium-trait-challengers
ev-agronometrics-prism-2025,tier-2,"Agronometrics, hosted by Berries Australia",market_analysis_report,2025 Agronometrics Peruvian Blueberry Varietal Price Spectrum Monitor (PRISM),https://berries.net.au/wp-content/uploads/2025/10/2025-Agronometrics-Peruvian-Blueberry-Varietal-Price-Spectrum-Monitor-PRISM.pdf,2025-10-01,2026-08-03,5,Eureka; Eureka Sunrise; Peru; Eureka; Mountain Blue Orchards Pty Ltd,3,0,sq-premium-trait-challengers; sq-global-genetics-reach
ev-berryworld-varieties,tier-2,BerryWorld,marketer_website,Berries - varieties,https://www.berryworld.com/en-gb/berries/varieties,,2026-08-03,10,BerryWorld Group; BerryWorld varietal brands; Mountain Blue Orchards Pty Ltd; Eureka; Eureka Sunrise; Twilight; Opi; Eating quality; Eureka; Mountain Blue Blueberry Breeding Program,4,7,sq-global-genetics-reach; sq-genetics-geographic-spread; sq-public-record-gaps
ev-blueberriesconsulting-agrovision-2024,tier-2,Blueberries Consulting,trade_press,"Agrovision Corp seeks year-round blueberry supply from Peru, Mexico and Morocco",https://blueberriesconsulting.com/en/con-operaciones-en-peru-mexico-y-marruecos-agrovision-corp-busca-lograr-un-suministro-de-arandanos-durante-todo-el-ano/,2024-05-15,2026-08-04,7,"Agrovision Corp. (Fruitist); SEKOYA; Fall Creek Farm & Nursery, Inc.; Peru; Mexico; Morocco; China",2,4,sq-global-genetics-reach; sq-genetics-geographic-spread; sq-competitor-expansion
ev-delisted-costa,tier-2,deListed Australia,market_data_service,Costa Group Holdings Limited - delisting record,https://www.delisted.com.au/company/costa-group-holdings-limited,,2026-08-04,2,Costa Group Holdings Pty Ltd; Australia,1,0,sq-public-record-gaps
ev-ffp-hortifrut-mbo-2026,tier-2,FreshFruitPortal,trade_press,Hortifrut and MBO berry deal,https://www.freshfruitportal.com/news/2026/07/30/hortifrut-mbo-berry-deal/,2026-07-30,2026-08-04,3,Hortifrut S.A.; Naturipe Farms; Mountain Blue Orchards Pty Ltd,1,1,sq-competitor-expansion
ev-foodnavigator-fruitist-2025,tier-2,FoodNavigator,trade_press,Fruitist continues expanding packaged fresh fruit business with $150 million raise,https://www.foodnavigator.com/Article/2025/11/10/fruitist-continues-expanding-packaged-fresh-fruit-business-with-150-million-capital-raise/,2025-11-10,2026-08-04,1,Agrovision Corp. (Fruitist),1,0,sq-competitor-expansion
ev-freshfruitportal-fall-creek-2026,tier-2,FreshFruitPortal,trade_press,Fall Creek high-chill field forum coverage,https://www.freshfruitportal.com/news/2026/07/09/fall-creek-event/,2026-07-09,2026-08-03,6,"FC11-164; SEKOYA Nova; Fall Creek Farm & Nursery, Inc.; Machine-harvest suitability; Fruit firmness; Post-harvest shelf life",2,0,sq-emerging-varieties; sq-premium-trait-challengers; sq-repeated-trait-claims; sq-testing-candidates
ev-freshplaza-fall-creek-chile-2026,tier-2,FreshPlaza,trade_press,Fall Creek strengthens blueberry commitment in southern Chile,https://www.freshplaza.com/latin-america/article/9761007/fall-creek-strengthens-blueberry-commitment-in-southern-chile/,2026-03-06,2026-08-03,8,"Fall Creek Farm & Nursery, Inc.; Chile; SEKOYA Fiesta; SEKOYA Crunch; SEKOYA Grande; SEKOYA Pop; FC11-164; SEKOYA Nova",1,7,sq-genetics-geographic-spread; sq-emerging-varieties; sq-testing-candidates
ev-fruitnet-driesvenplant-2018,tier-2,Asiafruit / Fruitnet,trade_press,Fall Creek Farm and Nursery buys Driesvenplant,https://www.fruitnet.com/asiafruit/fall-creek-farm-and-nursery-buys-driesvenplant/175849.article,2018-06-15,2026-08-03,2,"Fall Creek Farm & Nursery, Inc.; Netherlands",1,1,sq-competitor-expansion; sq-genetics-geographic-spread
ev-fruitnet-eureka-sunrise-2023,tier-2,Fresh Produce Journal / Fruitnet,trade_press,Taste of success for Eureka Sunrise,https://www.fruitnet.com/fresh-produce-journal/taste-of-success-for-eureka-sunrise/248114.article,2023-01-20,2026-08-03,7,Eureka Sunrise; BerryWorld Group; Mountain Blue Orchards Pty Ltd; South Africa; Morocco; Spain; Eating quality,2,2,sq-genetics-geographic-spread; sq-premium-trait-challengers; sq-global-genetics-reach
ev-fruitnet-ozblu-dispute-2020,tier-2,Eurofruit / Fruitnet,trade_press,Blueberry spat continues with war of words,https://www.fruitnet.com/eurofruit/blueberry-spat-continues-with-war-of-words/183446.article,2020-11-09,2026-08-03,4,United Exports; OZblu; South Africa; Netherlands,2,0,sq-global-genetics-reach; sq-competitor-expansion
ev-fruitnet-romania-2024,tier-2,Eurofruit / Fruitnet,trade_press,Fall Creek reveals Romanian acquisition,https://www.fruitnet.com/eurofruit/fall-creek-reveals-romanian-acquisition/260715.article,2024-06-06,2026-08-03,1,"Fall Creek Farm & Nursery, Inc.",1,0,sq-competitor-expansion; sq-genetics-geographic-spread
ev-harvestsa-rossouw-2020,tier-2,Harvest SA,trade_press,Rossouw Farming Group concedes United Exports rights over OZblu varieties,https://www.harvestsa.co.za/2020/11/18/rossouw-farming-group-concedes-united-exports-rights-over-ozblu-varieties/,2020-11-18,2026-08-04,2,United Exports; South Africa,1,0,sq-global-genetics-reach
ev-ibo-agrovision-2019,tier-2,International Blueberry Organization,industry_association_report,"Agro Vision blueberries - transforming lands, transforming lives",https://www.internationalblueberry.org/2019/09/04/agro-vision-blueberries-transforming-lands-transforming-lives/,2019-09-04,2026-08-04,4,"Agrovision Corp. (Fruitist); Peru; SEKOYA; Fall Creek Farm & Nursery, Inc.",1,1,sq-global-genetics-reach; sq-competitor-expansion
ev-ibo-eureka-moment-2015,tier-2,International Blueberry Organization,industry_association_report,Blueberry growers' Eureka moment,https://www.internationalblueberry.org/2015/10/24/blueberry-growers-eureka-moment/,2015-10-24,2026-08-03,4,Eureka; Eureka; Coles Supermarkets; Mountain Blue Orchards Pty Ltd,1,1,sq-global-genetics-reach
ev-ibo-fall-creek-profile-2025,tier-2,International Blueberry Organization,industry_association_profile,Fall Creek Farm & Nursery,https://www.internationalblueberry.org/fall-creek-farm-nursery/,2025-02-19,2026-08-03,1,"Fall Creek Farm & Nursery, Inc.",0,0,sq-global-genetics-reach; sq-genetics-geographic-spread
ev-ibo-mbo-china-judgment-2024,tier-2,International Blueberry Organization,industry_association_report,Mountain Blue Orchards wins historic lawsuit in China over illegal propagation of blueberries,https://www.internationalblueberry.org/2024/12/02/mountain-blue-orchards-wins-historic-lawsuit-in-china-over-illegal-propagation-of-blueberries/,2024-12-02,2026-08-03,3,Mountain Blue Orchards Pty Ltd; Eureka Sunrise; China,1,1,sq-global-genetics-reach; sq-genetics-geographic-spread; sq-competitor-expansion
ev-italianberry-mbo-chile-2020,tier-2,Italian Berry,trade_press,Australian MBO varieties establish themselves in Chile,https://italianberry.it/en/news/mirtilli-le-varieta-australiane-mbo-si-affermano-in-cile-507,2020-12-01,2026-08-03,4,Mountain Blue Orchards Pty Ltd; Eureka; Twilight; Chile,1,0,sq-genetics-geographic-spread; sq-global-genetics-reach
ev-italianberry-peru-varieties-2025,tier-2,"Italian Berry, reporting Proarandanos data",trade_press,"Peru: Sekoya Pop dominates ranking of most exported varieties, 2024/25 season",https://italianberry.it/en/news/Peru-Sekoya-Pop-dominates-ranking-most-exported-varieties-2024-25-season,,2026-08-03,7,"SEKOYA Pop; Eureka; Eureka Sunrise; Peru; Fall Creek Farm & Nursery, Inc.; Mountain Blue Orchards Pty Ltd; Eureka",4,0,sq-global-genetics-reach; sq-genetics-geographic-spread; sq-emerging-varieties
ev-justia-costa-berry-international,tier-2,Justia Patents,patent_aggregator,Patents assigned to Costa Berry International Pty Ltd,https://patents.justia.com/assignee/costa-berry-international-pty-ltd,,2026-08-04,6,"Costa Berry International Pty Ltd; Costa Group Holdings Pty Ltd; Florida Foundation Seed Producers, Inc.; Costa Variety Improvement Program; Arana; Eterna",1,1,sq-global-genetics-reach; sq-emerging-varieties; sq-public-record-gaps
ev-leadersleague-atlantic-blue-2021,tier-2,Leaders League,trade_press,Chilean berry company Hortifrut acquires Spain's Atlantic Blue for $280m,https://www.leadersleague.com/en/news/chilean-berry-company-hortifrut-acquires-spain-s-atlantic-blue-for-280m,2021-10-20,2026-08-04,4,"Hortifrut S.A.; Atlantic Blue / Royal Berries blueberry breeding programme; Spain; Berry Blue, LLC",2,2,sq-competitor-expansion; sq-global-genetics-reach
ev-packer-finefield-2024,tier-2,The Packer,trade_press,Fall Creek Farm and Nursery invests in mechanical harvesting company,https://www.thepacker.com/news/packer-tech/fall-creek-farm-and-nursery-invests-mechanical-harvesting-company,2024-02-05,2026-08-03,2,"Fall Creek Farm & Nursery, Inc.; Machine-harvest suitability",1,0,sq-competitor-expansion; sq-premium-trait-challengers
ev-portalfruticola-fall-creek-2025,tier-2,Portalfruticola,trade_press,Fall Creek and the renewal of blueberry varieties,https://www.portalfruticola.com/noticias/2025/12/11/fall-creek-arandanos-renovacion/,2025-12-11,2026-08-03,3,"FC11-164; Fall Creek Farm & Nursery, Inc.; Yield",1,0,sq-emerging-varieties; sq-premium-trait-challengers; sq-testing-candidates
ev-produce-report-sekoya-china-2025,tier-2,Produce Report,trade_press,"Sekoya confident about its premium blueberries in Asian, Chinese markets",https://www.producereport.com/article/sekoya-confident-about-its-premium-blueberries-asian-chinese-markets,2025-11-13,2026-08-03,3,"SEKOYA; Fall Creek Farm & Nursery, Inc.; China",2,1,sq-global-genetics-reach; sq-competitor-expansion
ev-producereport-blugenix-2026,tier-2,Produce Report,trade_press,Costa launches BluGenix with five blueberry varieties suited to Yunnan,https://www.producereport.com/article/costa-launches-blugenix-5-blueberry-varieties-suited-yunnan,2026-06-08,2026-08-04,13,BluGenix; Costa Group Holdings Pty Ltd; Costa Variety Improvement Program; Eterna; Post-harvest shelf life; China; South Africa; Zimbabwe; Morocco; United States; Mexico; Peru; Australia,4,4,sq-emerging-varieties; sq-competitor-expansion; sq-premium-trait-challengers; sq-repeated-trait-claims
ev-brevis-ip-registration-trends,tier-3,"Patricio Brevis, LinkedIn",individual_analysis_post,Trends in blueberry IP registration,https://www.linkedin.com/pulse/trends-blueberry-ip-registration-patricio-brevis,,2026-08-03,3,Eureka; Opi; Blue Ribbon,1,0,sq-global-genetics-reach; sq-genetics-geographic-spread; sq-public-record-gaps
ev-uspp023572-ridley-1111,tier-3,"United States Patent and Trademark Office plant patent record, translated summary",patent_record,USPP023572P3 - 'Ridley 1111' (Opi),https://fruitplantsvariation.blogspot.com/2018/07/opi-ridley-1111-blueberry.html,2018-07-01,2026-08-03,8,Opi; USPP023572P3 - 'Ridley 1111' (Opi); Mountain Blue Orchards Pty Ltd; Eureka; Fruit size; Fruit firmness; Eating quality; Mountain Blue Blueberry Breeding Program,3,3,sq-public-record-gaps; sq-global-genetics-reach
